speaker-name,number-of-lectures
'Reimer, Nils',1
'Binder, Arne',1
'Zweig, Katharina Anna',1
'Capsamun, Roman',1
'Eichfeldt, Nora',1
'Höps, Raphael',1
'Schweter, Stefan',1
'Stigler, Hubert',1
'Mehner, Caroline',1
'Lehmberg, Timm',1
'Wagner-Nagy, Beata',1
'Do Dinh, Erik-Lân',1
'Gerloff, Malte',1
'Núñez, Alexandra',1
'Hörmann, Richard',1
'Weiss, Romedius',1
'Meiners, Hanna-Lena',1
'Stotz, Sophia',1
'Alscher, Stefan',1
'Bender, Michael',1
'John, Markus',1
'Vanscheidt, Philipp',1
'Pourtskhvanidze, Zakharia',1
'Bodomo, Adams',1
'Mörth, Karlheinz',1
'Mihm, Melanie',1
'Bögel, Thomas',1
'Meindl, Claudia',1
'Rausch, Alexandre',1
'Lengyel, Dominik',1
'Toulouse, Catherine',1
'Siemund, Melanie',1
'Neubauer, Susanne',1
'Geyken, Alexander',1
'Werneke, Thomas',1
'Strecker, Bernhard',1
'Recker-Hamm, Ute',1
'Schneider, Matthias',1
'Kaßner, Fabian',1
'Kischel, André',1
'Büttner, Andreas',1
'Greulich, Markus',1
'Oberthür, Simon',1
'Karthaus, Nicola',1
'Schmidt, Ariane',1
'Wilk, Nicole M.',1
'Stog, Kristina',1
'Ourednik, André',1
'Nellen, Stefan',1
'Fleer, Peter',1
'Kittelmann, Jana',1
'Wernhard, Christoph',1
'Goerz, Guenther',1
'McIsaac, Peter',1
'Jamin, Sugih',1
'Ibanez, Ines',1
'Singer, Oskar',1
'Bray, Benjamin',1
'Schlegel, Alexa',1
'Klawitter, Jana',1
'Wagner, Benno',1
'Biber, Hanno',1
'Fandrych, Christian',1
'Iliash, Anna',1
'Weigert, Kathrin',1
'Hentschel, Frank',1
'Strehl, Tino',1
'Gradmann, Stefan',1
'Hennicke, Steffen',1
'Tschumpel, Gerold',1
'Dill, Kristin',1
'Morbindoni, Christian',1
'Trevisan, Bianka',1
'Reimer, Eva',1
'Digmayer, Claas',1
'Ullrich, Anna Valentine',1
'Jakobs, Eva-Maria',1
'Butt, Miriam',1
'Holzinger, Katharina',1
'Schaal, Gary',1
'Dumm, Sebastian',1
'El-Assady, Mennatallah',1
'Gold, Valentin',1
'Hautli-Janisz, Annette',1
'Lemke, Matthias',1
'Müller, Maike',1
'Zimmermann, Heiko',1
'Breitenfeld, Andre',1
'Berndt, Axel, Dr.',1
'Schloots, Franziska',1
'Müller-Lietzkow, Jörg',1
'Müller, Lars',1
'Barbera, Roberto',1
'La Rocca, Guiseppe',1
'Calanducci, Antonio',1
'Kalman, Tibor',1
'Mikhaylova, Alena',1
'Hinrichs, Marie',1
'Coltekin, Cagri',1
'Valleriani, Matteo',1
'Lalli, Roberto',1
'Mueller, Mathias',1
'Dittrich, Andreas',1
'Waltl, Gilbert',1
'Csillag, Marlene',1
'Büttner, Stephan',1
'Heger, Martin',1
'Heinrich, Marcus',1
'Keller, Carolin',1
'Lehmann, Anna',1
'Meyer, Michaela',1
'Kösser, Sylwia',1
'Ellwardt, Andreas',1
'Hummerl, Susanne',1
'Specht, Sebastian',1
'Hanewinkel, Christian',1
'Koslitz, Sebastian',1
'Steller, Heike',1
'Mederake, Nathalie',1
'Blanck, Wiebke',1
'Gehrke, Stefanie',1
'Charbonnier, Pauline',1
'Eduard, Frunzeanu',1
'Macharowsky, Luisa',1
'Krefeld, Thomas',1
'Dubowy, Norbert',1
'Schwinger, Tobias',1
'Muehlberger, Guenter',1
'Schildt, Maria',1
'Wiermann, Barbara',1
'Schmidt, Frieder',1
'Schneider, Dietmar',1
'Hausmann, Christiane',1
'Morgenstern, Anja',1
'Wollny, Peter',1
'Kupferschmidt, Jens',1
'Bärwald, Manuel',1
'Chen, Esther',1
'Walkowski, Nils-Oliver',1
'Schwaderer, Christian',1
'Frank, Andrew U.',1
'Alexiadou, Artemis',1
'Holtz, Sabine',1
'Misselhorn, Catrin',1
'Pado, Sebastian',1
'Stein, Achim',1
'Zittel, Claus',1
'Neumann, Gerald',1
'Schäfer, Felix',1
'Gauer, Isabelle',1
'Hamann, Hanjo',1
'Gloning, Thomas',1
'Blätte, Andreas',1
'Keller, Maret',1
'Hellwig, Oliver',1
'Petersen, Wiebke',1
'Blank, Daniel',1
'Bockwinkel, Peggy',1
'Draxler, Christoph',1
'Schiel, Florian',1
'Reichel, Uwe',1
'Kisler, Thomas',1
'von Lupin, Martin',1
'Geuder, Philipp',1
'Leidinger, Marie-Claire',1
'Schröder, Tobias',1
'Celia, Krause',1
'Philipp, Vanscheidt',1
'Streiter, Oliver',1
'Beißwenger, Michael',1
'Axel, Herold',1
'Harald, Lüngen',1
'Angelika, Storrer',1
'Thoß, Alexander',1
'Kessels, Geert',1
'van Bree, Pim',1
'Pirgruber, Reinhard',1
'Jursa, Michael',1
'Eckart, Thomas',1
'Czeitschner, Ulrike',1
'von Ehrlich, Isabel',1
'Ehrlicher, Hanno',1
'Völker, Harald',1
'Mühlschlegel, Ulrike',1
'Mattner, Cosima',1
'Casties, Robert',1
'Hauck, Oliver',1
'Lutteroth, Jan',1
'Schütz, Susanne',1
'Caesar, Ingo',1
'Merz, Dorian',1
'Jänicke, Stefan',1
'Blumenstein, Judith',1
'Scheuermann, Gerik',1
'Habicht, Stephanie',1
'Münnich, Stefan',1
'Tech, Maike',1
'Naegle, Sibylle',1
'Henny, Ulrike',1
'Calvo, José',1
'Popp, Stefanie',1
'Körner, Fabian',1
'Decker, Eric',1
'Guth, Matthias',1
'Rafiyenko, Dariya',1
'Koglin, Lydia',1
'Fritz, Steffen',1
'Hartmann, Jutta',1
'Sauter, Corinna',1
'Schole, Gesa',1
'Gietz, Peter',1
'Winkler, Susanne',1
'Kaufmann, Sascha',1
'Andrews, Tara Lee',1
'Fischer, Peter M.',1
'Weiß, Andreas',1
'Schnober, Carsten',1
'Jochen, Strobel',1
'von Wartburg, Karin',1
'Nepfer, Matthias',1
'Klinker, Fabian',1
'Švitek, Mihael',1
'Krech, Volkhard',1
'Köhler, Werner',1
'Brahaj, Armand',1
'Wannenwetsch, Oliver',1
'Schoepflin, Urs',1
'Dufner, Matthias',1
'Kunz, Axel',1
'Therón, Roberto',1
'Benito, Alejandro',1
'Gabriel Losada Gómez, Antonio',1
'Geukes, Albert',1
'Stotzka, Rainer',1
'Uhlmann, Gyburg',1
'Keller, Lennart',1
'Peterek, Christoph',1
'Lang, Eva-Maria',1
'Fiel, Stefan',1
'Spanner, Sebastian',1
'Buchhop, Katia',1
'Nickl, Miriam',1
'Becker, Martin',1
'Klugseder, Robert',1
'Riechert, Thomas',1
'Piotrowski, Michael',1
'Schomaker, Lambert',1
'Fless, Friederike',1
'Grumt Suárez, Holger',1
'Karlova-Bourbonus, Natali',1
'Lobin, Henning',1
'Adrian, Dominik',1
'Ott, Carolin',1
'Henze, Frank',1
'Daxenberger, Johannes',1
'Görke, Susanne',1
'Siahdohoni, Darjush',1
'Gurevych, Iryna',1
'Prechel, Doris',1
'Messerschmidt, Reinhard',1
'Lauscher, Anne',1
'Nanni, Federico',1
'Ponzetto, Simone Paolo',1
'Losehand, Joachim',1
'Kamocki, Paweł',1
'Amini, Seyavash',1
'Peukert, Hagen',1
'Funk, Stefan E.',1
'Snickars, Pelle',1
'Puren, Marie',1
'Mertens, Mike',1
'Romary, Laurent',1
'van Dyck-Hemming, Annette',1
'Schäuble, Joshua',1
'Crowley, Ronan',1
'Matschinegg, Ingrid',1
'Gruber, Christine',1
'Döhling, Lars',1
'Zihlmann, Patricia',1
'von Zimmermann, Christian',1
'Matthies, Franz',1
'Daengeli, Peter',1
'Zumsteg, Simon',1
'Süsstrunk, Sabine',1
'Seele, Peter',1
'Madarasz, Nathalie',1
'Schmidt, Antje',1
'Doppelbauer, Regina',1
'Krotova, Elena',1
'Richter, Eike',1
'Hoffmann, Moritz',1
'Geduldig, Alena',1
'Meiners, Hanna',1
'Noyer, Frédéric',1
'Feige, Tillmann',1
'González, Alicia',1
'Werwick, Heiko',1
'Hamisch, Juliane',1
'Glück, David',1
'Schmidt, Johannes',1
'Krech, Volker',1
'Raunig, Michael',1
'Höfler, Elke',1
'Kühnlenz, Frank',1
'Federbusch, Maria',1
'Haas, Gabriele',1
'Koumpis, Adamantios',1
'Kahl, Hannes',1
'Meins, Friedrich',1
'Bräckel, Oliver',1
'Bös, Eva',1
'Kim, Evgeny',1
'Padó, Sebastian',1
'Hiebert, Matthew',1
'Lässig, Simone',1
'Vogt, Andreas',1
'Fanta, Walter',1
'Boelderl, Artur',1
'Faynberg, Veronika',1
'Lashchuk, Svetlana',1
'Orlova, Tatyana',1
'Palchikov, German',1
'Shlosman, Evgenia',1
'Krek, Simon',1
'Jakubicek, Milos',1
'Tiberius, Carole',1
'Navigli, Roberto',1
'McCrae, John',1
'Tasovac, Toma',1
'Varadi, Tamas',1
'Koeva, Svetla',1
'Costa, Rute',1
'Kernerman, Ilan',1
'Monachini, Monica',1
'Trap-Jensen, Lars',1
'Pedersen, Bolette S.',1
'Kallas, Jelena',1
'Porta-Zamorano, Jordi',1
'Wieners, Jan',1
'Menzel, Wolfgang',1
'Orth, Dominik',1
'Topp, Sebastian',1
'Hoffmann, Christoph',1
'Bürger, Thomas',1
'Lindemann, David',1
'Kliche, Fritz',1
'Kutzner, Kristin',1
'Reinöhl, Uta',1
'Kölligan, Daniel',1
'Kiss, Börge',1
'Garcés, Juan',1
'Bräuer, Johannes',1
'Bigalke, Ben',1
'Sepúlveda, Pedro',1
'Gerhards, Simone',1
'Gülden, Svenja A.',1
'Konrad, Tobias',1
'Leuk, Michael',1
'Verhoeven-van Elsbergen, Ursula',1
'Stöger, Alexander',1
'Betz, Katrin',1
'Sippl, Colin',1
'Zeppelzauer, Matthias',1
'Schwengelbeck, Isabel',1
'Wahl, Dominik',1
'Foester, Karl',1
'Friedl, Dennis',1
'Fluss, Fabian',1
'Mersch, Isabelle',1
'Voss, Fabian',1
'Dröge, Martin',1
'Voges, Ramon',1
'Wolf, Jana',1
'Beck, Jens',1
'Christen, Jonas',1
'Teufel, Simone',1
'von Hahn, Walther',1
'Aman, Anastasija',1
'Grünewald, Stefan',1
'Lindemann, Matthias',1
'Schäfer, Lisa',1
'Skachkova, Natalia',1
'Gálffy, Andreas',1
'Kamphausen, Julian',1
'Wieners, Jan G.',1
'Neovesky, Anna',1
'von Vlahovits, Frederic',1
'Chiarcos, Christian',1
'Donandt, Kathrin',1
'Ionov, Maxim',1
'Rind-Pawlowski, Monika',1
'Sargsian, Hasmik',1
'Wichers Schreur, Jesse',1
'Hahn, Carolin',1
'Caria, Federico',1
'Kessler, Linda',1
'Braun, Tamara',1
'Preuß, Tanja',1
'Samushia, Lela',1
'Salgaro, Massimo',1
'Kirchhoff, Leonie',1
'Lahrsow, Miriam',1
'Böttger, Lucie',1
'Zeckey, Alexander',1
'Langner, Martin',1
'Rojas Castro, Antonio',1
'Andraschke, Udo',1
'Krämer, Sybille',1
'Strauß, Tobias',1
'Maywald, Ferdinand',1
'Mayer, Corinna',1
'Sojer, Claudia',1
'Tratter, Aaron Rudolf',1
'Löcker-Herschkowitz, Johannes A.',1
'Wagner, Christian',1
'Simmler, Severin',1
'Wodausch, David',1
'Bernád, Ágoston',1
'Kaiser, Maximilian',1
'Rumpolt, Peter',1
'Etimi, Valmir',1
'Seipel, Peter',1
'Wiehe, Thomas',1
'Mellmann, Katja',1
'Lebherz, Daniel',1
'Zeyen, Christian',1
'Karner, Stefan',1
'Hug, Marius',1
'Oberhoff, Andreas',1
'Ommer, Björn',1
'Knauth, Jürgen',1
'Kauf, Carina',1
'Hinrichs, Erhard',1
'Müller, Lydia',1
'Teich, Elke',1
'Ebert, Barbara',1
'Maiwald, Anke',1
'Willenborg, Josef',1
'Büchler, Marco',1
'Barabucci, Gioele',1
'Knoth, Alexander',1
'Stede, Manfred',1
'Hägert, Erik',1
'Breuer, Ludwig Maximilian',1
'Ruiz Fabo, Pablo',1
'Martínez Cantón, Clara',1
'Sperberg-McQueen, C. Michael',1
'Krügel, André',1
'Köhler, Joachim',1
'Himmelmann, Nikolaus',1
'Menny, Anna',1
'Seidel, Henry',1
'Geelhaar, Tim',1
'Bartz, Gabriele',1
'Gneiß, Markus',1
'Mandalka, Markus',1
'Meyer, Selina',1
'Schmidtbauer, Stephanie',1
'Gerhards, Donata',1
'Hüther, Frank',1
'Kempf, Sebastian',1
'David, Schmidt',1
'Lukas, Weimer',1
'Frank, Puppe',1
'Rockenberger, Annika',1
'Wottawa, Jane',1
'Barrault, Loïc',1
'Bougares, Fethi',1
'Hübner, Julia',1
'Löffler, Andreas',1
'Hitzker, Michael',1
'Höfler, Markus',1
'Schmidt, Timo',1
'Kilincoglu, Deniz',1
'Staecker, Thomas',1
'Wigg-Wolf, David',1
'Tolle, Karsten',1
'Kissinger, Timo',1
'Klaus, Carsten',1
'Klakow, Dietrich',1
'Flückiger, Barbara',1
'Im, Chanjong',1
'Veseli, Blerta',1
'Walter, Scholger',1
'Herzgsell, Teresa',1
'Hemati, Wahed',1
'Feldmann, Felix',1
'Katharina, Krüger',1
'Carla, Sökefeld',1
'Geipel, Andrea',1
'Henkensiefken, Claus',1
'Yousef, Tariq',1
'Lee, Geumbi',1
'Bragagnolo, Manuela',1
'Iglesia, Martin de la',1
'Parlitz, Dietrich',1
'Haider, Thomas',1
'Bald, Markus',1
'Damiani, Vincenzo',1
'Essler, Holger',1
'Eyeselein, Björn',1
'Klammt, Anna',1
'Toschka, Patrick',1
'Dogaru, Teodora',1
'Hottiger, Christoph',1
'Schaeben, Marcel',1
'El Khatib, Randa',1
'Toscano, Roberta',1
'Schwappach, Florin',1
'Metzmacher, Katja',1
'Remus, Steffen',1
'Ferger, Anne',1
'Bührig, Kristin',1
'Rössel, Julia',1
'Oliveira Ares, Sofia',1
'Weidemann, Max',1
'Türkoglu, Enes',1
'Moisich, Oliver',1
'Dimpel, Friedrich',1
'Spiekermann, Christian',1
'Burg, Severin',1
'Küchenhoff, Helmut',1
'Brandt, Julia',1
'Jara, Karolina',1
'Grosse, Peggy',1
'Uhrig, Peter',1
'Persch, Dana',1
'Meyer, Nils',1
'Neuroth, Heike',1
'Martin, Fechner',1
'Menke, Ulla',1
'Over, Berthold',1
'Albrecht-Hohmaier, Martin',1
'zur Nieden, Gesa',1
'Pravida, Dietmar',1
'Wissenbach, Moritz',1
'Rittershaus, David',1
'Marx, Michael',1
'Franke, Stefanie',1
'Artika, Farah',1
'Gleim, Rüdiger',1
'Zaytseva, Ksenia',1
'Schüller, Daniel',1
'Mittelberg, Irene',1
'Kolodzie, Lisa',1
'Diesner, Jana',1
'Severin, Simmler',1
'Thorsten, Vitt',1
'Lorenz, Anne Katrin',1
'Müller-Dannhausen, Lea',1
'Scherl, Magdalena',1
'Unold, Martin',1
'Stuber, Martin',1
'Dewitz, Leyla',1
'Batinic, Josip',1
'Gasch, Joachim',1
'Decker, Jan-Oliver',1
'Gorisch, Jan',1
'Bäumer, Frederik Simon',1
'Buff, Bianca',1
'Seemann, Nina',1
'Merten, Marie-Luis',1
'Hannesschlaeger, Vanessa',1
'Mukhametov, Sergey',1
'Brandenbeger, Christina',1
'Hoffmann, Tracy',1
'Rämisch, Florian',1
'Rastinger, Nina Claudia',1
'Guy, Louisa',1
'Sulzbacher, Ben',1
'Liu, Alan',1
'Clados, Christiane',1
'Hinkelmanns, Peter',1
'Landkammer, Miriam',1
'Schwembacher, Manuel',1
'Zeppezauer-Wachauer, Katharina',1
'Luhmann, Jan',1
'Tiepmar, Jochen',1
'Jegan, Robin',1
'Richts, Kristina',1
'Schilke, Elena',1
'Vera, Grund',1
'Henner, Drewes',1
'Ortloff, Anna-Marie',1
'Windl, Maximiliane',1
'Güntner, Lydia',1
'Roller, Ramona',1
'Schweitzer, Frank',1
'Rastinger, Nina',1
'Rosenkötter, Martha',1
'Landes, Lisa',1
'Schmeer, Hendrik',1
'Buechel, Sven',1
'Niebes, Kai Michael',1
'Leitner, Elena',1
'Müller, Gerhard',1
'Zellhoefer, David',1
'Moreno Schneider, Julian',1
'Reiners, Stefan',1
'Weiberg, Birk',1
'Bicher, Katrin',1
'Nieden, Gesa zur',1
'Flanders, Julia',1
'Veit, Joachim',1
'Böhm, Astrid',1
'Laurioux, Bruno',1
'Ardesi, Denise',1
'Poirier, Corentin',1
'Molitor, Paul',1
'Necker, Gerold',1
'Ritter, Jörg',1
'Holzer, Matthias',1
'Nussmüller, Antonia',1
'Sobriel, Nicole',1
'Bauer, Marlene',1
'Habler, Florian',1
'Heuberger, Hannes',1
'Pilsl, Florian',1
'Kraft, Anneli',1
'Thielert, Frauke',1
'Schuster, Britt-Marie',1
'Georgi, Christopher',1
'Ott, Katrin',1
'Stefan, Schulte',1
'Hartelt, Alexander',1
'De Luca, Ernesto William',1
'Fallucchi, Francesca',1
'Hertling, Anke',1
'Schmitz, Claudia',1
'Tumanov, Rostislav',1
'Feldmann, Alina',1
'Koller, Barbara',1
'Cakir, Osman',1
'Kohl, Linus',1
'Reißer, Alexandra',1
'Albrecht, Jens',1
'Lehmann, Robert',1
'Klinke, Harald',1
'Demmer, Dennis',1
'Kunze, Kristina',1
'Maciej, Eder',1
'Klusik-Eckert, Jacqueline',1
'Lüschow, Andreas',1
'Balbach, Nico',1
'Fuchs, Alexandra',1
'Geiger, Bernhard',1
'Hobisch, Elisabeth',1
'Koncar, Philipp',1
'More, Jacqueline',1
'Albers, Laura',1
'Ruppenhofer, Josef',1
'Flinz, Carolina',1
'Viglianti, Raffaele',1
'Eschweiler, Mark',1
'Evers, Anna-Maria',1
'Kruhl, Dominik',1
'Reuhl, Elisabeth',1
'Krishnan, Aravind',1
'Saef, Nasrin',1
'Ihden, Sarah',1
'Babl, Florian',1
'Eisterhues, Marcel',1
'Wiedmer, Nathalie',1
'Schlicht, Helene',1
'Jentsch, Patrick',1
'Porada, Stephan',1
'Annisius, Marie',1
'Brokering, Annalena',1
'Iffland, Joachim',1
'Thiele, Sebastian',1
'Risse, Benjamin',1
'Plaksin, Anna',1
'Reinthal, Angela',1
'Tscheu, Amelie',1
'Heinig, Julia',1
'Eckl, Markus',1
'Gassner, Sebastian',1
'Reinert, Matthias',1
'Liedtke, Clemens',1
'Maria, Christoforaki',1
'Bernhard, Bermeitinger',1
'Gervais, Ludovic',1
'Braud, Camille',1
'Thomas, Clement',1
'Bonsergent, Lou-Ann',1
'Strothotte, Adrian',1
'Niewöhner, Laura Maria',1
'Schulte, Judith',1
'Ulrich, Mona',1
'Kamzelak, Roland',1
'Kramski, Heinz Werner',1
'Schembera, Björn',1
'Bönisch, Thomas',1
'Kaminski, Andreas',1
'Hampel, Lisa',1
'Asabidi, Ruslan',1
'Adamczak, Katarzyna',1
'Ahmed, Sajawel',1
'Rehman, Misbahur',1
'Tischlik, Joshua',1
'Kruse, Carl',1
'Özsoy, Ömer',1
'Akkermann, Miriam',1
'Bleier, Roman',1
'Arnold, Frederik',1
'Fiechter, Benjamin',1
'Arnold, Matthias',1
'Henke, Konstantin',1
'Baglatzi, Alkyoni',1
'Velissaropoulos, Georgios',1
'Bauer, Bernhard',1
'Berg, Mia',1
'Lorenz, Andrea',1
'Bischoff, Eva',1
'Schwarz, Anja',1
'Wieloch, Jasmin',1
'Plakidis, Melina',1
'Krömer, Cora',1
'Brottrager, Judith',1
'Langer, Lars',1
'Borgards, Roland',1
'Köhring, Esther',1
'Wirth, Christian',1
'Fetz, Bernhard',1
'Lepper, Marcel',1
'Wirtz Eybl, Irmgard',1
'Bühler, Fabian',1
'Standl, Bernhard',1
'Schlomske-Bodenstein, Nadine',1
'Bönisch, Dominik',1
'Charvat, Vera Maria',1
'Mrugalski, Michał',1
'de Günther, Sabine',1
'Rok, Cora',1
'Ehrmann, Maud',1
'Clematide, Simon',1
'Fickers, Andreas',1
'Kaplan, Frederic',1
'Schroeder, Paul',1
'Ströbel, Philip',1
'van Beek, Thijs',1
'Feldmüller, Tim',1
'Zarei, Alireza',1
'Seung-Bin, Yim',1
'Barbot, Laure',1
'Gray, Edward',1
'Lein, Richard',1
'Fleischmann, Florian',1
'Frank, Markus',1
'Werthmann, Antonina',1
'Gutiérrez De la Torre, Silvia Eunice',1
'Göggelmann, Michael',1
'Heiniger, Anna Katharina',1
'Burkhard, Fabienne',1
'Ernst, Felix',1
'Schenk, Torsten',1
'Borges, Rebekka',1
'Debbeler, Anke',1
'Grisot, Giulia',1
'Geestmann, Mareen',1
'Pestov, Paul',1
'Weidling, Michelle',1
'Dietz, Katharina',1
'Erler-Fridgen, Katharina',1
'Alschner, Stefan',1
'Müller, Christiane',1
'Spiegel, Simon',1
'Loertscher, Miriam',1
'Tiefenbacher, Sara',1
'Voß, Franziska',1
'Beck, Julia',1
'Henninger, Christine',1
'Wittenbecher, Maxim',1
'Kienbaum, Janna',1
'Kreiseler, Sarah',1
'Heidmann, Frank',1
'Kindler, Sebastian',1
'Wolf, Katrin',1
'Korwisi, Kristof',1
'Kelm, Holden',1
'Knecht, David',1
'Hotz, Gerhard',1
'Knierim, Aenne',1
'Kuper, Heinz-Günter',1
'Müller, Anja',1
'Amrhein, Kilian',1
'Klindt, Marco',1
'Nowicki, Anna-Lena',1
'Arndt, Nadine',1
'Baddack, Cornelia',1
'Gleixner, Sebastian',1
'von Hindenburg, Barbara',1
'Jüngerkes, Sven',1
'Köster, Jan',1
'Franke, Claus',1
'Peter, Ulrike',1
'Langhanki, Florian',1
'Leyrer, Katharina',1
'Grebe, Anja',1
'Meding, Holle Ameriga',1
'Contreras Saiz, Mónika',1
'Muessemann, Hannah',1
'Kreuzmair, Elias',1
'Goldberg, Jan Michael',1
'Imeri, Sabine',1
'Reichert, Nils',1
'Muenster, Sander',1
'Kroeber, Cindy',1
'Utescher, Ronja',1
'Zarriess, Sina',1
'Flueh, Marie',1
'Colditz, Iris',1
'Jügel, Thomas',1
'Rezania, Kianoosh',1
'Zeini, Arash',1
'Cantera, Alberto',1
'Emanuel, Chagai',1
'Shaked, Shaul',1
'Scheel, Christian',1
'Zinck, Josefine',1
'Pfeffer, Magnus',1
'Kacsuk, Zoltan',1
'Roth, Martin',1
'Zedlitz, Jesper',1
'Rainer, Simon',1
'Poetis, Panoria',1
'Radmacher, Emilia',1
'Smiatek, Katharina',1
'Rath, Brigitte',1
'Böhm, Alexander',1
'Reiners-Selbach, Stefan',1
'Baedke, Jan',1
'Fábregas Tejeda, Alejandro',1
'Nicholson, Daniel J.',1
'Altenhöner, Reinhard',1
'Pratschke, Margarete',1
'Richts-Matthaei, Kristina',1
'Schulz, Christoph',1
'Stellmacher, Martha',1
'Vock, Richard',1
'Vogeltanz, Maximilian',1
'Scheltjens, Werner',1
'Schlieder, Christoph',1
'Agt-Rickauer, Henning',1
'Stratil, Jasper',1
'Kurek, Sarah',1
'Rahnama, Javad',1
'Hüllermeier, Eyke',1
'Kuzman-Šlogar, Koraljka',1
'Heilmann, Juliane',1
'Müller, Sophie',1
'Stegmeier, Jörn',1
'Wunsch, Kevin',1
'Dietz, Nadine',1
'Dunkelmann, Lena',1
'Gnau-Franké, Birte',1
'Liesenfeld, Nina',1
'Werner, Stephanie',1
'Wyss, Eva L.',1
'Serif, Ina',1
'Reimann, Anna',1
'Engel, Alexander',1
'Siebold, Anna',1
'Stallmann, Marco',1
'Kreß, Hannah',1
'Lemitz, Bastian',1
'Pietsch, Andreas',1
'Wünsch, Lukas',1
'Tomasek, Stefan',1
'Gödeke, Luisa',1
'Hofmann, Anna Mareike',1
'Hadden, Richard',1
'Bentz, Isabelle',1
'Gfrereis, Heike',1
'Offenberg, Eva',1
'Tropper, Eva',1
'Tóth-Czifra, Erzsébet',1
'Testori, Marinella',1
'Horvath, Aliz',1
'Spence, Paul',1
'Katsiadakis, Helen',1
'Zaagsma, Gerben',1
'Kunze, Petra',1
'Albani, Benedetta',1
'Anokhina, Alexandra',1
'Park, Yohan',1
'Ehlers, Lena',1
'Dörk, Uwe',1
'Wierzock, Alexander',1
'Trautmann, Tatjana',1
'Katrin, Hein',1
'Pektor, Katharina',1
'Eigner, Johanna',1
'Diebel, Richard',1
'Henzel, Katrin',1
'Petersen, Britta',1
'Vetter, Angila',1
'Feichtinger, Moritz',1
'Harvey, Francis',1
'Durdaği, A. Nursen',1
'Dürfeld, Michael',1
'Stein, Christian',1
'List, Ferdinand',1
'Rahman, Zead',1
'Dias, Renata',1
'Thran, Niklas',1
'Marschner, Michèle',1
'Petersen Frey, Fynn',1
'Berger, Claudia',1
'Akhlaq, Sara',1
'Fischeidl, Kathrin',1
'Illmer, Viktor',1
'Regeler, Lukas Nils',1
'Müller-Tamm, Jutta',1
'von Berenberg-Gossler, Luise',1
'Egger, Nils',1
'Schmid, Florian',1
'Lyding, Verena',1
'Jha, Vandana',1
'Tögel, Philipp',1
'Dipper, Stefanie',1
'Geißel, Pia',1
'Nyhan, Julianne',1
'Ghosh, Sharanya',1
'Giovannini, Luca',1
'Lu, Christopher',1
'Glas, Julia',1
'Ludwig, Bernd',1
'Weitin, Thomas',1
'Haider, Thomas Nikolaus',1
'Schennach, Stephanie',1
'Thelen, Julius',1
'Wesche, Jörg',1
'Walsh, David',1
'Henning, Pia',1
'Hilger, Agnes',1
'Konstanciak, Johanna',1
'Ströbel, Phillip',1
'Fischer, Andreas',1
'Scius, Anna',1
'Wolf, Beat',1
'Janka, Anna',1
'Widmer, Jonas',1
'Scheurer, Patricia',1
'Hopp, Meike',1
'von dem Bussche, Ruth',1
'Geiger, Jonathan D.',1
'Schellhammer, Stefan',1
'Troglauer, Patrick',1
'Lameris, Bregt',1
'Vukovic, Teodora',1
'Baresch, Ariadne',1
'Kushnarenko, Volodymyr',1
'Gärtner, Markus',1
'Koch, Julia',1
'Schauffler, Nadja',1
'Kipke, Marta',1
'Leonhardt, Susann',1
'Sommer, Kai',1
'Kolbe, Ines',1
'Kou-Herrema, Tianyi',1
'Hagener, Malte',1
'Krause, Celia',1
'Eggersglüß, Christoph',1
'O'Sullivan, James',1
'Murphy, Órla',1
'Pidd, Michael',1
'Wessels, Bridgette',1
'Mayer, Desiree',1
'Kailus, Angela',1
'Mayer, Manuela',1
'Yilmaz, Yasir',1
'Weigelt, Lucie',1
'Dutschke, René',1
'Lasch, Alexander',1
'Scherbaum, Stefan',1
'Seemann, Sophia',1
'Pfeifer, Ulrike',1
'Niemann, Klara',1
'Panzer, Lukas',1
'Nowakowski, Matthias',1
'Berndt, Axel',1
'Hadjakos, Aristotelis',1
'Gaertner, Markus',1
'Piel, Pattrick',1
'Töpfer, Marlene',1
'Günther, Johanna',1
'Strutz, Sabrina',1
'Klug, Helmut',1
'Hunziker, Manuel',1
'von Pippich, Waltraud',1
'Rensinghoff, Berenike',1
'Herbst, Yannik',1
'Feidicker, Charlotte',1
'Rosenthal, Maximilian',1
'Richter, Matthias',1
'Wolfer, Sascha',1
'Cotgrove, Louis',1
'Müller, Michael',1
'Schenk, Nicolas',1
'Schirmer, Miriam',1
'Vollmer, Ricarda',1
'Hensen, Kilian',1
'Marie, Flüh',1
'Peter, Leinen',1
'Schwab, Michel',1
'Fadeeva, Yuliya',1
'Ripoll, Elodie',1
'Soethaert, Bart',1
'Pechlivanos, Miltos',1
'Grießer, Martina',1
'Hanzer, Helene',1
'Kirchweger, Franz',1
'Kloser, Peter',1
'Lamers, Teresa',1
'Sutor, Nadine',1
'Suárez Cronauer, Elena',1
'Fath, Laura',1
'Weyand, Sandra',1
'Grundig de Vazquez, Katja',1
'Krefft, Annett',1
'Tietz, Tabea',1
'Bruns, Oleksandra',1
'Fliegl, Heike',1
'Posthumus, Etienne',1
'Sack, Harald',1
'Brandes, Vanessa',1
'Zimmermann, Ronny',1
'Lang, Christian',1
'Schneider, Roman',1
'Volodina, Anna',1
'Biermann, Johannes',1
'Altmann, Friederike',1
'Neitzke, Thorben',1
'Luger, Daniel',1
'Nicolaou, Anguelos',1
'Kovacs, Tamas',1
'Atzenhofer-Baumgartner, Florian',1
'Lamminger, Florian',1
'Aoun, Sandy',1
'Decker, Franziska',1
'Dubova, Alona',1
'Marquart, Aron',1
'Stein, Regine',1
'Tolksdorf, Julia',1
'Vater, Christian',1
'Kusnick, Jakob',1
'Jänicke, Steffan',1
'Doppler, Carina',1
'Passecker, Markus',1
'Ebel, Carla',1
'Probst, Stefan',1
'Beck, Samuel',1
'Karcher, Stefan',1
'Holz, Alex',1
'Ruth, Nicolas',1
'Frank, Laura',1
'Eichhorst, Dana',1
'Ullrich, Rebecca',1
'Haddassah Wendl, Katharina',1
'Martini, Annett',1
'Grote, Brigitte',1
'Strobl, Maren',1
'Wintjes, Jorit',1
'Bock, Sina',1
'Pittroff, Sarah',1
'Steller, Jonatan',1
'Sohmen, Lucia',1
'Duchesne, Paul',1
'Schmolenzky, Pascal',1
'Klauk, Stephanie',1
'Al-Eryani, Susanne',1
'Bubula, Michał',1
'Labusch, Kai',1
'Lehmann, Jörg',1
'Steinicke, Frank',1
'Klomfaß, Vanessa',1
'Huang, Qianqi',1
'Stalter, Julian',1
'Müller-Budack, Eric',1
'Entrup, Elias',1
'Krestel, Ralf',1
'Akazawa, Mari',1
'Messner, Stefanie',1
'von Keitz, Janis',1
'Fuest, Stefan',1
'Gollenstede, Andreas',1
'Herbers, Maximilian',1
'Kaiser, Rieke Marie',1
'Tadge, Jennifer',1
'Jouravel, Anna',1
'Rabus, Achim',1
'Scherrer, Yves',1
'Renje, Elena',1
'Meindl, Martin',1
'Lendvai, Piroska',1
'Kremer, Dominik',1
'Mahlberg, Michaela',1
'Rupnig, Martin',1
'Zichert, Michael',1
'Wüthrich, Adrian',1
'Simons, Arno',1
'Chlastak, Maria',1
'Samoilova, Evgenia',1
'Reichert, Emma Sophie',1
'Babl, Anna-Lena',1
'Kim, Kyuhee',1
'Achmann-Denkler, Michael',1
'Mitschunas, Johannes',1
'Beckstein, Clemens',1
'Stehfest, Robert Gramsch',1
'Freund, Jens',1
'Hammer, Angela',1
'Geißner, Andreas',1
'Schöning, Kateryna',1
'Weigl, David M.',1
'Kyriazis, Ilias',1
'Hofmann-Polster, Katharina',1
'Häfner, Claudia',1
'Kraneiß, Natalie',1
'Sauer, Philipp',1
'Gruß, Melanie',1
'Helm, Caroline',1
'Kretschmer, Uwe',1
'Näger, Paul M.',1
'Eickhoff, Dominic',1
'Enns, Sebastian',1
'Körner, Erik',1
'Mende, Jana-Katharina',1
'Untner, Laura',1
'Rohrbacher, Imelda',1
'Suarez Cronauer, Elena',1
'Gruber, Andrea',1
'Ehrmanntraut, Anton',1
'Bracke, Yannic',1
'Ritter, Xenia',1
'Bauer, Nikolaj',1
'Neugebauer, David',1
'Majka, Nicole',1
'Jurczyk, Thomas',1
'Dombrowski, Fabian',1
'Klaes, Sebastian',1
'Leitgeb, Johannes',1
'Köther, Felix',1
'Göttel, Sebastian',1
'Körber, Lydia',1
'Poggel, Lisa',1
'Kuroczynski, Piotr',1
'Mosch, Marc',1
'Schröter, Julian',1
'Grumbach, Florian',1
'Kościelniak, Marta',1
'Maier, Felix Klaus',1
'Zinnen, Mathias',1
'Bogdanović, Arsenije',1
'Lange, Liesen-Sophie',1
'Ajouri, Philip',1
'Loosli, Ursula',1
'Schreier, Gero',1
'Jurst-Görlach, Denise',1
'Wilm, Rebecca',1
'Yaddehige, Rameela',1
'Raaf, Manuel',1
'Döring, Sophie',1
'Schubert, Tim',1
'Badura, Robert',1
'Samsinger, Linda',1
'Griebel, Johannes',1
'Raddatz, Nadine',1
'Ries, Thorsten',1
'Andrews, Tara',1
'Rosendahl, Lisa',1
'Eckenstaler, Sophie',1
'Berse, Dominic',1
'Burgbacher, Ulrich',1
'Dogaru, George',1
'Funk, Stefan',1
'Klammer, Ralf',1
'Schmitz, Jascha Merijn',1
'Reichen, Roland',1
'Deck, Oliver',1
'Heilig, Anne',1
'Sitter, Emilie',1
'Wu, Yaru',1
'Zarrieß, Sina',1
'Will, Larissa',1
'Kamlah, Jan',1
'Huff, Dorothee',1
'Baumann, Baptiste',1
'Décultot, Elisabeth',1
'Fischer, Katrin',1
'Sander, Ruth',1
'Ioannu, Johannes',1
'Rouxel, Lennart',1
'Goerss, Eleanor',1
'Hintersteiner, Julia',1
'Spadinger, Viktoria',1
'Beutel-Thurow, Linda',1
'Kapeller, Edith',1
'Kern, Manfred',1
'Krusic, Lucija',1
'Hochreiter, Clara',1
'Frauendorfer, Melanie',1
'Tumfart, Barbara',1
'Waltl, Silvia',1
'Venglarova, Klara',1
'Adam, Raven',1
'Mölzer, Wiltrud',1
'Balasubramanian, Saranya',1
'Füllsack, Manfred',1
'Kleinert, Jörn',1
'Vu, Binh',1
'Demleitner, Adrian',1
'Höltgen, Stefan',1
'Gammenthaler, Daniel',1
'Clausen, Hans',1
'Schiller-Stoff, Sebastian',1
'Münzer, Leona Elisabeth',1
'Dittmann, Christina',1
'Sagadin, Suzana',1
'Schiller-Stoff, Sebastian David',1
'Faust, Anna',1
'Urbaum, Dorothee',1
'Wegener, Marius',1
'Freytag, Julian',1
'Liebing, Katja',1
'Möller, Katrin',1
'Simons, Olaf',1
'Fuchs, Nele',1
'Steinmann, Lena',1
'Drechsler, Rolf',1
'Esch, Claudia',1
'Pia, Hofman',1
'Jana, Klinger',1
'Torsten, Roeder',1
'Christian, Reul',1
'Yannik, Herbst',1
'Vignoli, Michela',1
'Gruber, Doris',1
'Bruchertseifer, Jens',1
'Gernert, Folke',1
'Kabatnik, Susanne',1
'Kudera, Jacek',1
'Moulin, Claudine',1
'Rettinger, Achim',1
'Röpke, Jörg',1
'Schenkel, Ralf',1
'Schirra, Doris',1
'Schlimpen, Hannah',1
'Shi-Kupfer, Kristin',1
'Wassermayr, Veronica',1
'Rühse, Viola',1
'Brookshire, Patrick Daniel',1
'Kunzmann, Markus',1
'Bunselmeier, Jennifer',1
'Kamencek, Teresa',1
'Filipov, Velitchko',1
'Tuscher, Michaela',1
'Schetinger, Victor',1
'Miksch, Silvia',1
'Rosenberg, Raphael',1
'Hiepel, Ludger',1
'de la Iglesia, Martin',1
'Schimpf, Jonathan',1
'Wiegand, Martin',1
'Meyer, Wienke Imke',1
'Eichenberger, Nicole',1
'Stampfer, Ursula',1
'Sturm, Katrin',1
'Yakupova, Vera',1
'Nitsche, Stephanie',1
'Bleckmann, Patrice',1
'Lucke, Alexa',1
'Alemayehu, Hizkiel',1
'Desouki, Abdelmoneim',1
'Lange, Frank',1
'Steiner, Petra',1
'Hüppe, Henrika',1
'Buschmeier, Matthias',1
'Alvares Freire, Fernanda',1
'Körfer, Anna-Lena',1
'Städtler, Domenic',1
'Kreutel, Jörn',1
'Buyken, Constanze',1
'Garzón Rodríguez, Judit',1
'Sulzhytski, Ilya',1
'Schröter, Christian',1
'Nunn, Christopher',1
'Luger, Robin',1
'Sievers, Martin',2
'Pernes, Stefan',2
'Springmann, Uwe',2
'Eder, Elisabeth',2
'Herteis, Simeon',2
'Lindinger, Matthias',2
'Durco, Matej',2
'Rosenthaler, Lukas',2
'Pfeil, Patrick',2
'Geierhos, Michaela',2
'Ertl, Thomas',2
'Schmid, Oliver',2
'Barbaresi, Adrien',2
'Scheuermann, Leif',2
'Jurish, Bryan',2
'Makowski, Stephan',2
'Jeller, Daniel',2
'Gnadt, Timo',2
'Hastik, Canan',2
'Vogel, Friedemann',2
'Senft, Björn',2
'Hettinger, Lena',2
'Loebel, Jens-Martin',2
'Holly, Eva Maria',2
'Bogacz, Bartosz',2
'Mara, Hubert',2
'Lambertz, Michael',2
'Frick, Elena',2
'Falkenthal, Michael',2
'Pichler, Alois',2
'Wieneke, Lars',2
'Heyer, Gerhard',2
'Kantner, Cathleen',2
'Keim, Daniel A.',2
'Overbeck, Maximilian',2
'Wiedemann, Gregor',2
'Smuc, Michael',2
'Bohl, Benjamin W.',2
'Meise, Bianca',2
'Meister, Dorothee',2
'Zhekova, Desislava',2
'Raspe, Martin',2
'Bubenhofer, Noah',2
'Godler, Katharina',2
'Ivanovic, Christine',2
'Zielke, Dennis',2
'Blanken, Christine',2
'Siegert, Christine',2
'Baum, Constanze',2
'Kleineberg, Michael',2
'Kaden, Ben',2
'Ernst, Thomas',2
'Braun, Manuel',2
'Engelhardt, Claudia',2
'Kurzawe, Daniel',2
'Wörner, Kai',2
'Fankhauser, Peter',2
'Chandna, Swati',2
'Jürgens, Marco',2
'Schopper, Daniel',2
'Gerstenberg, Annette',2
'Kraft, Tobias',2
'Stange, Jan-Erik',2
'Hoppe, Stephan',2
'Schubert, Charlotte',2
'Declerck, Thierry',2
'Vogel, Andreas',2
'Koch, Carina',2
'Volkmann, Armin',2
'Wagner, Wiltrud',2
'Diewald, Nils',2
'Kupietz, Marc',2
'Fiedler, Maik',2
'Heuwing, Ben',2
'Kath, Roxana',2
'Keilholz, Franz',2
'Rücker, Michaela',2
'Yu, Xiaozhou',2
'Tabti, Samira',2
'Morik, Katharina',2
'Pfahler, Lukas',2
'Fichtl, Barbara',2
'Lange, Felix',2
'Dorn, Amelie',2
'Fuchs, Florian',2
'Raunig, Elisabeth',2
'Beretta, Francesco',2
'Horstmann, Wolfram',2
'Kurmann, Eliane',2
'Baumann, Jan',2
'Natale, Enrico',2
'Echelmeyer, Nora',2
'Pietsch, Christopher',2
'Schulz, Sarah',2
'Veentjer, Ubbo',2
'Kasper, Dominik',2
'Grüntgens, Max',2
'Lejtovicz, Katalin',2
'Nicka, Isabella',2
'Goedel, Martina',2
'Faßhauer, Vera',2
'Krause, Thomas',2
'Schilz, Andrea',2
'Johnson, Christopher',2
'Aschauer, Anna',2
'Althof, Daniel',2
'Guescini, Rolf',2
'Gronemeyer, Sven',2
'Diederichs, Katja',2
'Wagner, Elisabeth',2
'Grube, Nikolai',2
'Herrmann, Elisa',2
'Wildgans, Julia',2
'Klinger, Roman',2
'Engelberg, Stefan',2
'Mache, Beata',2
'Rolshoven, Jürgen',2
'Bosse, Anke',2
'Burr, Elisabeth',2
'Fußbahn, Ulrike',2
'Begerow, Anke',2
'Gaidys, Uta',2
'Popp, Christian',2
'Theisen, Christian',2
'Heftberger, Adelheid',2
'Heckelen, Malte',2
'Schlupkothen, Frederik',2
'Bruder, Daniel',2
'Romanello, Matteo',2
'Rebora, Simone',2
'Forney, Christian',2
'Dängeli, Peter',2
'Diem, Markus',2
'Barthel, Kristina',2
'Mandl, Thomas',2
'Franzini, Greta',2
'Kestemont, Mike',2
'Christoforaki, Maria',2
'Capelle, Irmlind',2
'Pannach, Franziska',2
'Effinger, Maria',2
'Pfeiffer, Jasmin',2
'Klemstein, Franziska',2
'Heinisch, Barbara',2
'Maiwald, Ferdinand',2
'Dubray, David',2
'Leh, Almut',2
'Burckhardt, Daniel',2
'Molz, Johannes',2
'Röhrer, Ines',2
'Helm, Wiebke',2
'Schmideler, Sebastian',2
'Uslu, Tolga',2
'Genzel, Kristina',2
'Möller, Klaus-Peter',2
'Jarosch, Julian',2
'Meyer-Sickendiek, Burkhard',2
'Baumann, Timo',2
'Hussein, Hussein',2
'Seidl, Chiara',2
'Thiering, Martin',2
'Pattee, Aaron',2
'Kesselheim, Wolfgang',2
'Seuret, Mathias',2
'Limbach, Saskia',2
'Maier, Andreas',2
'Maus, David',2
'Sikora, Uwe',2
'Hartmann, Volker',2
'Meyer, Peter',2
'Herold, Kristin',2
'Mahmutovic, Edin',2
'Baumartz, Daniel',2
'Pagenstecher, Cord',2
'Harzenetter, Lukas',2
'Trautmann, Marjam',2
'Eggert, Lisa',2
'Müller, Melissa',2
'Lassner, David',2
'Brandl, Stephanie',2
'Freyberg, Linda',2
'Still, Sebastian',2
'Landes, Florian',2
'Fischer, Barbara',2
'Duan, Tinghui',2
'Wieners, Jan Gerrit',2
'Fangerau, Heiner',2
'Halling, Thorsten',2
'Menzel, Sina',2
'Petras, Vivien',2
'Rehm, Georg',2
'Thiery, Florian',2
'Mertgens, Andreas',2
'Rebiger, Bill',2
'Sonnberger, Jakob',2
'Noichl, Maximilian',2
'Bunout, Estelle',2
'Oberbichler, Sarah',2
'Dziudzia, Corinna',2
'Schmidt, David',2
'Engl, Elisabeth',2
'Offert, Fabian',2
'Schrott, Maximilian',2
'Schwandt, Silke',2
'Messerli, Thomas',2
'Štanzel, Arnošt',2
'Schnaitter, Hannes',2
'Neubert, Anna',2
'Dudar, Julia',2
'Kalyakin, Roman',2
'Volk, Martin',2
'Pons, Jessie',2
'Çakir, Dîlan Canan',2
'Fischer-Nebmaier, Wladimir',2
'Gebhard, Henning',2
'Hagen, Thora',2
'Steffes, Moritz',2
'Bateman, John',2
'Diecke, Josephine',2
'Jander, Melina',2
'Wierzoch, Jan',2
'Lampert, Marcus',2
'Tseng, Chiao-I',2
'Mischke, Dennis',2
'Meier-Vieracker, Simon',2
'Mollenhauer, Elisabeth',2
'Nieländer, Maret',2
'Münzmay, Andreas',2
'Primavesi, Patrick',2
'Röwenstrunk, Daniel',2
'Rossenova, Lozana',2
'Scherer, Thomas',2
'Schneider, Sophie',2
'Springstein, Matthias',2
'Kalmer, Silke',2
'Büdenbender, Stefan',2
'Dönicke, Tillmann',2
'Petkov, Radoslav',2
'Hörnschemeyer, Jörg',2
'Grallert, Till',2
'Christ, Andreas',2
'Deicke, Aline',2
'Eiser, Isabel',2
'Fischer, Tim',2
'Schneider, Florian',2
'Petersen-Frey, Fynn',2
'Galka, Selina',2
'Dang, Sarah-Mai',2
'Hatzel, Hans Ole',2
'Schmitz, Jascha',2
'Kaltseis, Magdalena',2
'Häußler, Julian',2
'Junginger, Pauline',2
'Hein, Pascal',2
'Kababgi, Daniel',2
'Dietrich, Elisabeth',2
'Kurzmeier, Michael',2
'Kristen, Maximilian',2
'Kudella, Christoph',2
'Lemke, Karoline',2
'Stahn, Lena-Luise',2
'Borst, Janos',2
'Störiko, Johanna',2
'Müller, Stefan',2
'Beck, Clemens',2
'Genêt, Philippe',2
'Ströbel, Phillip Benjamin',2
'Jansky, Caroline',2
'Illmer, Viktor J.',2
'Schwindt, Mark',2
'Lemke, Marc',2
'Kellner, Nils',2
'Bayerschmidt, Philipp',2
'Osburg, Lilly',2
'Piontkowitz, Vera',2
'König, Sandra',2
'Schröer, Annika',2
'Spielberg, Marina',2
'Würzner, Kay-Michael',3
'Stanicka-Brzezicka, Ksenia',3
'Hildenbrandt, Vera',3
'Richter, Sandra',3
'Koch, Steffen',3
'Strötgen, Jannik',3
'Schneider, Gerlinde',3
'Evert, Stefan',3
'Dimpel, Friedrich Michael',3
'Borek, Luise',3
'Hoenen, Armin',3
'Meißner, Cordula',3
'Wallner, Franziska',3
'Zinsmeister, Heike',3
'Guido, Daniele',3
'Bauer, Matthias',3
'Wintergrün, Dirk',3
'Hohmann, Georg',3
'Bell, Peter',3
'Trippel, Thorsten',3
'Ketzan, Erik',3
'Dunst, Alexander',3
'Hohenstein, Sven',3
'Weichselbaumer, Nikolaus',3
'Goldhahn, Dirk',3
'Herrmann, Berenike',3
'Rüdiger, Jan Oliver',3
'Buddenbohm, Stefan',3
'Pfarr-Harfst, Mieke',3
'Blümel, Ina',3
'Efer, Thomas',3
'Wöckener-Gade, Eva',3
'Schlör, Daniel',3
'Fechner, Martin',3
'Hellrich, Johannes',3
'Hermes, Jürgen',3
'Klammt, Anne',3
'Kronenwett, Simone',3
'Geißler, Nils',3
'Gödel, Martina',3
'Krewet, Michael',3
'Pause, Johannes',3
'Zehe, Albin',3
'Friedrichs, Kristina',3
'Kröber, Cindy',3
'Murr, Sandra',3
'Baumgarten, Marcus',3
'Pohl, Oliver',3
'Zimmer, Sebastian',3
'Wick, Christoph',3
'Rehbein, Malte',3
'Jäschke, Robert',3
'Brodhun, Maximilian',3
'Mondaca, Francisco',3
'Brüning, Gerrit',3
'Schubert, Zoe',3
'Adelmann, Benedikt',3
'Kröger, Bärbel',3
'Strobel, Jochen',3
'Drach, Sviatoslav',3
'Dahnke, Michael',3
'Bermeitinger, Bernhard',3
'Neumann, Katrin',3
'Hechtl, Angelika',3
'Ziehe, Stefan',3
'Ďurčo, Matej',3
'Arnold, Eckhart',3
'Wachter, Christian',3
'Götzelmann, Germaine',3
'Fritze, Christiane',3
'Schnöpf, Markus',3
'Abrami, Giuseppe',3
'Brüggemann, Viktoria',3
'Varachkina, Hanna',3
'Fricke-Steyer, Henrike',3
'Görz, Günther',3
'Wehrheim, Lino',3
'Mühleder, Peter',3
'Krüger, Katharina',3
'Saric, Sanja',3
'Wehner, Maximilian',3
'Türkoğlu, Enes',3
'Probst, Nora',3
'Illmayer, Klaus',3
'Liebl, Bernhard',3
'Klaes, Jan Sebastian',3
'Towara, Nadine',3
'Hinrichsen, Lena',3
'Baierer, Konstantin',3
'Bernhart, Toni',3
'Achmann, Michael',3
'Althage, Melanie',3
'Balck, Sandra',3
'Glawion, Anastasia',3
'High-Steskal, Nicole',3
'Weis, Joëlle',3
'Klappenbach, Lou',3
'Kröncke, Merten',3
'Winko, Simone',3
'Lecroq, Axelle',3
'Liem, Johannes',3
'Steindl, Christoph',3
'Cugliana, Elisa',3
'Skorinkin, Daniil',3
'Stiemer, Haimo',3
'Lück, Christian',3
'Lang, Sabine',3
'Rastinger, Nina C.',3
'Seltmann, Melanie Elisabeth-H.',3
'Naether, Franziska',3
'Rohe, Jonas',3
'Thomas, Christian',4
'Hedeland, Hanna',4
'Seifert, Sabine',4
'Aehnlich, Barbara',4
'Bigalke, Jan',4
'Stiller, Juliane',4
'Vitt, Thorsten',4
'Proisl, Thomas',4
'Scholz, Martin',4
'Fichtner, Mark',4
'Müller-Birn, Claudia',4
'Jettka, Daniel',4
'Wissik, Tanja',4
'Blessing, André',4
'Niekler, Andreas',4
'Vertan, Cristina',4
'Kepper, Johannes',4
'Christlein, Vincent',4
'Lüdeling, Anke',4
'Dreyer, Malte',4
'Blessing, Andre',4
'Busch, Hannah',4
'Hartel, Rita',4
'Frank, Ingo',4
'Wagner, Andreas',4
'Kittel, Christopher',4
'Hahn, Udo',4
'Normann, Immanuel',4
'Schulz, Daniela',4
'Fischer, Franz',4
'Steiner, Christian',4
'Burch, Thomas',4
'Breitenbücher, Uwe',4
'Bruschke, Jonas',4
'Kremer, Gerhard',4
'Glinka, Katrin',4
'Druskat, Stephan',4
'Eide, Øyvind',4
'Prager, Christian',4
'Homburg, Timo',4
'Nasarek, Robert',4
'Milling, Carsten',4
'Schlesinger, Claus-Michael',4
'Ullrich, Sabine',4
'Kohle, Hubertus',4
'Sporleder, Caroline',4
'Seltmann, Melanie E.-H.',4
'Purschwitz, Anne',4
'Prell, Martin',4
'Müller-Laackman, Jonas',4
'Messemer, Heike',4
'Geiger, Jonathan',4
'Dinger, Patrick',4
'Keck, Jana',4
'Bläß, Sandra',4
'Möbus, Dennis',4
'Hinzmann, Maria',4
'Klee, Anne',4
'Röttgermann, Julia',4
'Boenig, Matthias',5
'Stäcker, Thomas',5
'Müller, Andreas',5
'Rapp, Andrea',5
'Kollatz, Thomas',5
'Wandl-Vogt, Eveline',5
'Petris, Marco',5
'Mehler, Alexander',5
'Barzen, Johanna',5
'Düring, Marten',5
'Schreder, Günther',5
'Zirker, Angelika',5
'Schelbert, Georg',5
'Lauer, Gerhard',5
'Rettinghaus, Klaus',5
'Stadler, Peter',5
'Haaf, Susanne',5
'Schaßan, Torsten',5
'Odebrecht, Carolin',5
'Kamocki, Pawel',5
'Henrich, Andreas',5
'Grabsch, Sascha',5
'Pöckelmann, Marcus',5
'Steiner, Elisabeth',5
'König, Mareike',5
'Bamberg, Claudia',5
'Klug, Helmut W.',5
'Kleymann, Rabea',5
'Große, Peggy',5
'Schulz, Julian',5
'Klaffki, Lisa',5
'Schildkamp, Philip',5
'Diehr, Franziska',5
'Handschuh, Siegfried',5
'Calvo Tello, José',5
'Brunner, Annelen',5
'Koch, Gertraud',5
'Pollin, Christopher',5
'Hess, Jan',5
'Donig, Simon',5
'Bludau, Mark-Jan',5
'Biemann, Chris',5
'Leinen, Peter',5
'Kurz, Stephan',5
'Schneider, Philipp',5
'Hiltmann, Torsten',5
'Meister, Malte',5
'Ewerth, Ralph',5
'Lang, Sarah',5
'Hadersbeck, Maximilian',6
'Göbel, Mathias',6
'Schmunk, Stefan',6
'Thoden, Klaus',6
'Hotho, Andreas',6
'Leymann, Frank',6
'Kuroczyński, Piotr',6
'Dieckmann, Lisa',6
'Willand, Marcus',6
'Laubrock, Jochen',6
'Hannesschläger, Vanessa',6
'Heßbrüggen-Walter, Stefan',6
'Walkowski, Niels-Oliver',6
'Scholger, Walter',6
'Meister, Jan Christoph',6
'Czmiel, Alexander',6
'Ketschik, Nora',6
'Resch, Claudia',6
'Vauth, Michael',6
'Radisch, Erik',6
'Dumont, Stefan',6
'Du, Keli',6
'Börner, Ingo',6
'Lemaire, Marina',6
'Dennerlein, Katrin',6
'Franken, Lina',6
'Vasold, Gunter',6
'Hall, Mark',6
'Gengnagel, Tessa',6
'Sluyter-Gäthje, Henny',6
'Gerber, Anja',6
'Reger, Isabella',7
'Wagner, Sarah',7
'Herrmann, J. Berenike',7
'Jacke, Janina',7
'Tonne, Danah',7
'Niebling, Florian',7
'Lordick, Harald',7
'Barth, Florian',7
'Hegel, Philipp',7
'Pichler, Axel',7
'Neudecker, Clemens',7
'Andresen, Melanie',7
'Moeller, Katrin',7
'Howanitz, Gernot',7
'Andorfer, Peter',8
'Söring, Sibylle',8
'Kuhn, Jonas',8
'Bürgermeister, Martina',8
'Krug, Markus',8
'Sahle, Patrick',8
'Rißler-Pipka, Nanette',8
'Gradl, Tobias',8
'Viehhauser, Gabriel',8
'Elwert, Frederik',8
'Seltmann, Melanie',8
'Hodel, Tobias',8
'Tu, Ngoc Duyen Tanja',8
'Konle, Leonard',8
'Guhr, Svenja',8
'Schneider, Stefanie',8
'Pagel, Janis',8
'Mayr, Eva',9
'Puppe, Frank',9
'Witt, Andreas',9
'Dörk, Marian',9
'Kuczera, Andreas',9
'Wettlaufer, Jörg',9
'Neuefeind, Claes',9
'Mathiak, Brigitte',9
'Busch, Anna',9
'Schlögl, Matthias',9
'Dogunke, Swantje',9
'Krautter, Benjamin',9
'Nantke, Julia',9
'Wübbena, Thorsten',9
'Scholger, Martina',9
'Flüh, Marie',9
'Kampkaspar, Dario',10
'Baillot, Anne',10
'Neuber, Frederike',10
'Windhager, Florian',10
'Wolff, Christian',10
'Rau, Felix',10
'Schrade, Torsten',10
'Cremer, Fabian',10
'Jung, Kerstin',10
'Gerstorfer, Dominik',10
'Pielström, Steffen',11
'Roeder, Torsten',11
'Münster, Sander',11
'Blumtritt, Jonathan',11
'Vogeler, Georg',12
'Henny-Krahmer, Ulrike',12
'Reul, Christian',12
'Schmidt, Thomas',13
'Wuttke, Ulrike',13
'Helling, Patrick',13
'Weimer, Lukas',14
'Schumacher, Mareike',14
'Horstmann, Jan',16
'Steyer, Timo',17
'Gius, Evelyn',18
'Schöch, Christof',18
'Trilcke, Peer',19
'Reiter, Nils',19
'Fischer, Frank',20
'Jannidis, Fotis',22
'Burghardt, Manuel',24
