name,surname,forename,orcid,wikidata
"Abrami, Giuseppe",,,0000-0002-7084-4909,
"Abrami, Giuseppe",,,,
"Abrami, Giuseppe",,,,
"Achmann-Denkler, Michael",,,,
"Achmann, Michael",,,0000-0002-4754-7842,
"Achmann, Michael",,,0000-0002-4754-7842,
"Achmann, Michael",,,0000-0002-4754-7842,
"Adam, Raven",,,0000-0001-7841-2601,
"Adamczak, Katarzyna",,,,
"Adelmann, Benedikt",,,,
"Adelmann, Benedikt",,,,
"Adelmann, Benedikt",,,,
"Adrian, Dominik",,,,
"Aehnlich, Barbara",,,0000-0003-1492-7766,
"Aehnlich, Barbara",,,,
"Aehnlich, Barbara",,,,
"Aehnlich, Barbara",,,,
"Agt-Rickauer, Henning",,,,
"Ahmed, Sajawel",,,,
"Ajouri, Philip",,,,
"Akazawa, Mari",,,,
"Akhlaq, Sara",,,0000-0002-7356-7492,
"Akkermann, Miriam",,,0000-0001-7154-7917,
"Al-Eryani, Susanne",,,0000-0002-1741-1645,
"Albani, Benedetta",,,,
"Albers, Laura",,,,
"Albrecht-Hohmaier, Martin",,,,
"Albrecht, Jens",,,,
"Alemayehu, Hizkiel",,,,
"Alexiadou, Artemis",,,,
"Alscher, Stefan",,,,
"Alschner, Stefan",,,0000-0001-8509-8171,
"Altenhöner, Reinhard",,,0000-0001-8274-780X,
"Althage, Melanie",,,0000-0001-5233-1061,
"Althage, Melanie",,,0000-0001-5233-1061,
"Althage, Melanie",,,0000-0001-5233-1061,
"Althof, Daniel",,,,
"Althof, Daniel",,,,
"Altmann, Friederike",,,,
"Alvares Freire, Fernanda",,,0000-0002-6414-5212,
"Aman, Anastasija",,,,
"Amini, Seyavash",,,,
"Amrhein, Kilian",,,0000-0003-3459-3898,
"Andorfer, Peter",,,0000-0002-9575-9372,
"Andorfer, Peter",,,,
"Andorfer, Peter",,,,
"Andorfer, Peter",,,,
"Andorfer, Peter",,,,
"Andorfer, Peter",,,,
"Andorfer, Peter",,,,
"Andorfer, Peter",,,,
"Andraschke, Udo",,,,
"Andresen, Melanie",,,0000-0002-3913-1273,
"Andresen, Melanie",,,0000-0002-3913-1273,
"Andresen, Melanie",,,0000-0002-3913-1273,
"Andresen, Melanie",,,0000-0002-3913-1273,
"Andresen, Melanie",,,,
"Andresen, Melanie",,,,
"Andresen, Melanie",,,,
"Andrews, Tara",,,0000-0001-6930-3470,
"Andrews, Tara Lee",,,,
"Angelika, Storrer",,,,
"Annisius, Marie",,,,
"Anokhina, Alexandra",,,,
"Aoun, Sandy",,,,
"Ardesi, Denise",,,,
"Arndt, Nadine",,,0000-0002-2257-7236,
"Arnold, Eckhart",,,0000-0002-1138-499X,
"Arnold, Eckhart",,,0000-0002-1138-499X,
"Arnold, Eckhart",,,,
"Arnold, Frederik",,,0000-0002-0417-4054,
"Arnold, Matthias",,,0000-0003-0876-6177,
"Artika, Farah",,,,
"Asabidi, Ruslan",,,,
"Aschauer, Anna",,,,
"Aschauer, Anna",,,,
"Atzenhofer-Baumgartner, Florian",,,,
"Axel, Herold",,,,
"Babl, Anna-Lena",,,,
"Babl, Florian",,,,
"Baddack, Cornelia",,,,
"Badura, Robert",,,0000-0001-8048-6271,
"Baedke, Jan",,,,
"Baglatzi, Alkyoni",,,,
"Baierer, Konstantin",,,0000-0003-2397-242X,
"Baierer, Konstantin",,,0000-0003-2397-242X,
"Baierer, Konstantin",,,,
"Baillot, Anne",,,0000-0002-4593-059X,
"Baillot, Anne",,,0000-0002-4593-059X,
"Baillot, Anne",,,,
"Baillot, Anne",,,,
"Baillot, Anne",,,,
"Baillot, Anne",,,,
"Baillot, Anne",,,,
"Baillot, Anne",,,,
"Baillot, Anne",,,,
"Baillot, Anne",,,,
"Balasubramanian, Saranya",,,,
"Balbach, Nico",,,,
"Balck, Sandra",,,0000-0002-0573-3911,
"Balck, Sandra",,,0000-0002-0573-3911,
"Balck, Sandra",,,,
"Bald, Markus",,,,
"Bamberg, Claudia",,,0000-0001-6453-8457,
"Bamberg, Claudia",,,0000-0001-6453-8457,
"Bamberg, Claudia",,,,
"Bamberg, Claudia",,,,
"Bamberg, Claudia",,,,
"Barabucci, Gioele",,,,
"Barbaresi, Adrien",,,0000-0002-8079-8694,
"Barbaresi, Adrien",,,,
"Barbera, Roberto",,,,
"Barbot, Laure",,,0000-0002-6008-7959,
"Baresch, Ariadne",,,,
"Barrault, Loïc",,,,
"Barth, Florian",,,0000-0003-3408-7311,
"Barth, Florian",,,0000-0003-3408-7311,
"Barth, Florian",,,0000-0003-3408-7311,
"Barth, Florian",,,,
"Barth, Florian",,,,
"Barth, Florian",,,,
"Barth, Florian",,,,
"Barthel, Kristina",,,,
"Barthel, Kristina",,,,
"Bartz, Gabriele",,,,
"Bärwald, Manuel",,,,
"Barzen, Johanna",,,0000-0001-8397-7973,
"Barzen, Johanna",,,,
"Barzen, Johanna",,,,
"Barzen, Johanna",,,,
"Barzen, Johanna",,,,
"Bateman, John",,,,
"Bateman, John",,,,
"Batinic, Josip",,,,
"Bauer, Bernhard",,,,
"Bauer, Marlene",,,,
"Bauer, Matthias",,,,
"Bauer, Matthias",,,,
"Bauer, Matthias",,,,
"Bauer, Nikolaj",,,,
"Baum, Constanze",,,0000-0002-7214-9504,
"Baum, Constanze",,,,
"Baumann, Baptiste",,,0000-0003-2063-6199,
"Baumann, Jan",,,,
"Baumann, Jan",,,,
"Baumann, Timo",,,,
"Baumann, Timo",,,,
"Baumartz, Daniel",,,0009-0001-7105-5020,
"Baumartz, Daniel",,,,
"Bäumer, Frederik Simon",,,,
"Baumgarten, Marcus",,,0000-0003-0801-9462,
"Baumgarten, Marcus",,,,
"Baumgarten, Marcus",,,,
"Bayerschmidt, Philipp",,,,
"Bayerschmidt, Philipp",,,,
"Beck, Clemens",,,0000-0001-5396-1612,
"Beck, Clemens",,,0000-0001-5396-1612,
"Beck, Jens",,,,
"Beck, Julia",,,,
"Beck, Samuel",,,,
"Becker, Martin",,,,
"Beckstein, Clemens",,,0000-0001-9099-7569,
"Begerow, Anke",,,,
"Begerow, Anke",,,,
"Beißwenger, Michael",,,,
"Bell, Peter",,,,
"Bell, Peter",,,,
"Bell, Peter",,,,
"Bender, Michael",,,,
"Benito, Alejandro",,,,
"Bentz, Isabelle",,,,
"Beretta, Francesco",,,,
"Beretta, Francesco",,,,
"Berg, Mia",,,,
"Berger, Claudia",,,0000-0001-5203-0971,
"Bermeitinger, Bernhard",,,,
"Bermeitinger, Bernhard",,,,
"Bermeitinger, Bernhard",,,,
"Bernád, Ágoston",,,,
"Berndt, Axel",,,,
"Berndt, Axel, Dr.",,,,
"Bernhard, Bermeitinger",,,,
"Bernhart, Toni",,,0000-0002-7255-2504,
"Bernhart, Toni",,,,
"Bernhart, Toni",,,,
"Berse, Dominic",,,0000-0002-6307-8556,
"Betz, Katrin",,,,
"Beutel-Thurow, Linda",,,,
"Biber, Hanno",,,,
"Bicher, Katrin",,,,
"Biemann, Chris",,,0000-0002-8449-9624,
"Biemann, Chris",,,0000-0002-8449-9624,
"Biemann, Chris",,,0000-0002-8449-9624,
"Biemann, Chris",,,0000-0002-8449-9624,
"Biemann, Chris",,,,
"Biermann, Johannes",,,,
"Bigalke, Ben",,,,
"Bigalke, Jan",,,0000-0003-0721-9980,
"Bigalke, Jan",,,,
"Bigalke, Jan",,,,
"Bigalke, Jan",,,,
"Binder, Arne",,,,
"Bischoff, Eva",,,,
"Blanck, Wiebke",,,,
"Blank, Daniel",,,,
"Blanken, Christine",,,,
"Blanken, Christine",,,,
"Bläß, Sandra",,,,
"Bläß, Sandra",,,,
"Bläß, Sandra",,,,
"Bläß, Sandra",,,,
"Blätte, Andreas",,,,
"Bleckmann, Patrice",,,,
"Bleier, Roman",,,0000-0003-4674-1042,
"Blessing, Andre",,,0000-0001-7573-578X,
"Blessing, Andre",,,,
"Blessing, Andre",,,,
"Blessing, Andre",,,,
"Blessing, André",,,0000-0001-7573-578X,
"Blessing, André",,,0000-0001-7573-578X,
"Blessing, André",,,0000-0001-7573-578X,
"Blessing, André",,,,
"Bludau, Mark-Jan",,,0000-0001-6300-8833,
"Bludau, Mark-Jan",,,0000-0001-6300-8833,
"Bludau, Mark-Jan",,,,
"Bludau, Mark-Jan",,,,
"Bludau, Mark-Jan",,,,
"Blümel, Ina",,,0000-0002-3075-7640,
"Blümel, Ina",,,0000-0002-3075-7640,
"Blümel, Ina",,,,
"Blumenstein, Judith",,,,
"Blumtritt, Jonathan",,,0000-0002-1438-379X,
"Blumtritt, Jonathan",,,0000-0002-1438-379X,
"Blumtritt, Jonathan",,,,
"Blumtritt, Jonathan",,,,
"Blumtritt, Jonathan",,,,
"Blumtritt, Jonathan",,,,
"Blumtritt, Jonathan",,,,
"Blumtritt, Jonathan",,,,
"Blumtritt, Jonathan",,,,
"Blumtritt, Jonathan",,,,
"Blumtritt, Jonathan",,,,
"Bock, Sina",,,,
"Bockwinkel, Peggy",,,,
"Bodomo, Adams",,,,
"Boelderl, Artur",,,,
"Boenig, Matthias",,,0000-0003-4615-4753,
"Boenig, Matthias",,,,
"Boenig, Matthias",,,,
"Boenig, Matthias",,,,
"Boenig, Matthias",,,,
"Bogacz, Bartosz",,,,
"Bogacz, Bartosz",,,,
"Bogdanović, Arsenije",,,,
"Bögel, Thomas",,,,
"Bohl, Benjamin W.",,,,
"Bohl, Benjamin W.",,,,
"Böhm, Alexander",,,,
"Böhm, Astrid",,,,
"Bönisch, Dominik",,,0000-0003-4336-0180,
"Bönisch, Thomas",,,,
"Bonsergent, Lou-Ann",,,,
"Borek, Luise",,,0000-0001-5849-374X,
"Borek, Luise",,,0000-0001-5849-374X,
"Borek, Luise",,,,
"Borgards, Roland",,,,
"Borges, Rebekka",,,,
"Börner, Ingo",,,0000-0001-8294-2541,
"Börner, Ingo",,,0000-0001-8294-2541,
"Börner, Ingo",,,0000-0001-8294-2541,
"Börner, Ingo",,,0000-0001-8294-2541,
"Börner, Ingo",,,,
"Börner, Ingo",,,,
"Borst, Janos",,,0000-0002-9166-4069,
"Borst, Janos",,,0000-0002-9166-4069,
"Bös, Eva",,,,
"Bosse, Anke",,,0000-0001-6760-451X,
"Bosse, Anke",,,,
"Böttger, Lucie",,,,
"Bougares, Fethi",,,,
"Bracke, Yannic",,,0000-0002-7932-8230,
"Bräckel, Oliver",,,,
"Bragagnolo, Manuela",,,,
"Brahaj, Armand",,,,
"Brandenbeger, Christina",,,,
"Brandes, Vanessa",,,,
"Brandl, Stephanie",,,,
"Brandl, Stephanie",,,,
"Brandt, Julia",,,,
"Braud, Camille",,,,
"Bräuer, Johannes",,,,
"Braun, Manuel",,,,
"Braun, Manuel",,,,
"Braun, Tamara",,,,
"Bray, Benjamin",,,,
"Breitenbücher, Uwe",,,,
"Breitenbücher, Uwe",,,,
"Breitenbücher, Uwe",,,,
"Breitenbücher, Uwe",,,,
"Breitenfeld, Andre",,,,
"Breuer, Ludwig Maximilian",,,,
"Brodhun, Maximilian",,,,
"Brodhun, Maximilian",,,,
"Brodhun, Maximilian",,,,
"Brokering, Annalena",,,,
"Brookshire, Patrick Daniel",,,0000-0002-5843-7577,
"Brottrager, Judith",,,0000-0002-3108-8936,
"Bruchertseifer, Jens",,,0000-0003-3536-3082,
"Bruder, Daniel",,,,
"Bruder, Daniel",,,,
"Brüggemann, Viktoria",,,0000-0003-3858-0269,
"Brüggemann, Viktoria",,,,
"Brüggemann, Viktoria",,,,
"Brüning, Gerrit",,,0000-0003-2402-6734,
"Brüning, Gerrit",,,,
"Brüning, Gerrit",,,,
"Brunner, Annelen",,,0000-0002-2704-1190,
"Brunner, Annelen",,,,
"Brunner, Annelen",,,,
"Brunner, Annelen",,,,
"Brunner, Annelen",,,,
"Bruns, Oleksandra",,,,
"Bruschke, Jonas",,,,
"Bruschke, Jonas",,,,
"Bruschke, Jonas",,,,
"Bruschke, Jonas",,,,
"Bubenhofer, Noah",,,,
"Bubenhofer, Noah",,,,
"Bubula, Michał",,,0009-0004-6586-1319,
"Buchhop, Katia",,,,
"Büchler, Marco",,,,
"Buddenbohm, Stefan",,,0000-0002-3469-6101,
"Buddenbohm, Stefan",,,0000-0002-3469-6101,
"Buddenbohm, Stefan",,,,
"Büdenbender, Stefan",,,0000-0002-0478-0396,
"Büdenbender, Stefan",,,0000-0002-0478-0396,
"Buechel, Sven",,,,
"Buff, Bianca",,,,
"Bühler, Fabian",,,0000-0003-2834-4342,
"Bührig, Kristin",,,,
"Bunout, Estelle",,,,
"Bunout, Estelle",,,,
"Bunselmeier, Jennifer",,,,
"Burch, Thomas",,,0000-0002-8050-1475,
"Burch, Thomas",,,,
"Burch, Thomas",,,,
"Burch, Thomas",,,,
"Burckhardt, Daniel",,,0000-0003-0982-3735,
"Burckhardt, Daniel",,,,
"Burg, Severin",,,,
"Burgbacher, Ulrich",,,,
"Bürger, Thomas",,,,
"Bürgermeister, Martina",,,0000-0003-0594-1902,
"Bürgermeister, Martina",,,,
"Bürgermeister, Martina",,,,
"Bürgermeister, Martina",,,,
"Bürgermeister, Martina",,,,
"Bürgermeister, Martina",,,,
"Bürgermeister, Martina",,,,
"Bürgermeister, Martina",,,,
"Burghardt, Manuel",,,0000-0003-1354-9089,
"Burghardt, Manuel",,,0000-0003-1354-9089,
"Burghardt, Manuel",,,0000-0003-1354-9089,
"Burghardt, Manuel",,,0000-0003-1354-9089,
"Burghardt, Manuel",,,0000-0003-1354-9089,
"Burghardt, Manuel",,,0000-0003-1354-9089,
"Burghardt, Manuel",,,0000-0003-1354-9089,
"Burghardt, Manuel",,,0000-0003-1354-9089,
"Burghardt, Manuel",,,0000-0003-1354-9089,
"Burghardt, Manuel",,,0000-0003-1354-9089,
"Burghardt, Manuel",,,0000-0003-1354-9089,
"Burghardt, Manuel",,,,
"Burghardt, Manuel",,,,
"Burghardt, Manuel",,,,
"Burghardt, Manuel",,,,
"Burghardt, Manuel",,,,
"Burghardt, Manuel",,,,
"Burghardt, Manuel",,,,
"Burghardt, Manuel",,,,
"Burghardt, Manuel",,,,
"Burghardt, Manuel",,,,
"Burghardt, Manuel",,,,
"Burghardt, Manuel",,,,
"Burghardt, Manuel",,,,
"Burkhard, Fabienne",,,,
"Burr, Elisabeth",,,,
"Burr, Elisabeth",,,,
"Busch, Anna",,,0000-0001-5584-4807,
"Busch, Anna",,,0000-0001-5584-4807,
"Busch, Anna",,,0000-0001-5584-4807,
"Busch, Anna",,,0000-0001-5584-4807,
"Busch, Anna",,,0000-0001-5584-4807,
"Busch, Anna",,,0000-0001-5584-4807,
"Busch, Anna",,,,
"Busch, Anna",,,,
"Busch, Anna",,,,
"Busch, Hannah",,,0000-0002-3491-8202,
"Busch, Hannah",,,,
"Busch, Hannah",,,,
"Busch, Hannah",,,,
"Buschmeier, Matthias",,,0000-0002-5264-2545,
"Butt, Miriam",,,,
"Büttner, Andreas",,,,
"Büttner, Stephan",,,,
"Buyken, Constanze",,,0000-0001-8826-952X,
"Caesar, Ingo",,,,
"Çakir, Dîlan Canan",,,,
"Çakir, Dîlan Canan",,,,
"Cakir, Osman",,,,
"Calanducci, Antonio",,,,
"Calvo Tello, José",,,0000-0002-1129-5604,
"Calvo Tello, José",,,0000-0002-1129-5604,
"Calvo Tello, José",,,,
"Calvo Tello, José",,,,
"Calvo Tello, José",,,,
"Calvo, José",,,,
"Cantera, Alberto",,,,
"Capelle, Irmlind",,,,
"Capelle, Irmlind",,,,
"Capsamun, Roman",,,,
"Caria, Federico",,,,
"Carla, Sökefeld",,,,
"Casties, Robert",,,,
"Celia, Krause",,,,
"Chandna, Swati",,,,
"Chandna, Swati",,,,
"Charbonnier, Pauline",,,,
"Charvat, Vera Maria",,,,
"Chen, Esther",,,,
"Chiarcos, Christian",,,,
"Chlastak, Maria",,,0000-0003-1046-3634,
"Christ, Andreas",,,0000-0002-3591-2355,
"Christ, Andreas",,,0000-0002-3591-2355,
"Christen, Jonas",,,,
"Christian, Reul",,,0000-0002-1776-1469,
"Christlein, Vincent",,,,
"Christlein, Vincent",,,,
"Christlein, Vincent",,,,
"Christlein, Vincent",,,,
"Christoforaki, Maria",,,,
"Christoforaki, Maria",,,,
"Clados, Christiane",,,,
"Clausen, Hans",,,0009-0008-4730-5473,
"Clematide, Simon",,,,
"Colditz, Iris",,,,
"Coltekin, Cagri",,,,
"Contreras Saiz, Mónika",,,,
"Costa, Rute",,,,
"Cotgrove, Louis",,,,
"Cremer, Fabian",,,0000-0001-8251-9727,
"Cremer, Fabian",,,0000-0001-8251-9727,
"Cremer, Fabian",,,0000-0001-8251-9727,
"Cremer, Fabian",,,,
"Cremer, Fabian",,,,
"Cremer, Fabian",,,,
"Cremer, Fabian",,,,
"Cremer, Fabian",,,,
"Cremer, Fabian",,,,
"Cremer, Fabian",,,,
"Crowley, Ronan",,,,
"Csillag, Marlene",,,,
"Cugliana, Elisa",,,0000-0002-6460-2954,
"Cugliana, Elisa",,,0000-0002-6460-2954,
"Cugliana, Elisa",,,0000-0002-6460-2954,
"Czeitschner, Ulrike",,,,
"Czmiel, Alexander",,,,
"Czmiel, Alexander",,,,
"Czmiel, Alexander",,,,
"Czmiel, Alexander",,,,
"Czmiel, Alexander",,,,
"Czmiel, Alexander",,,,
"Daengeli, Peter",,,,
"Dahnke, Michael",,,,
"Dahnke, Michael",,,,
"Dahnke, Michael",,,,
"Damiani, Vincenzo",,,,
"Dang, Sarah-Mai",,,0000-0002-1960-247X,
"Dang, Sarah-Mai",,,0000-0002-1960-247X,
"Dängeli, Peter",,,,
"Dängeli, Peter",,,,
"David, Schmidt",,,,
"Daxenberger, Johannes",,,,
"de Günther, Sabine",,,0000-0001-6936-9381,
"de la Iglesia, Martin",,,0000-0002-9319-4793,
"De Luca, Ernesto William",,,,
"Debbeler, Anke",,,,
"Deck, Oliver",,,,
"Decker, Eric",,,,
"Decker, Franziska",,,,
"Decker, Jan-Oliver",,,,
"Declerck, Thierry",,,,
"Declerck, Thierry",,,,
"Décultot, Elisabeth",,,,
"Deicke, Aline",,,0000-0001-7347-7625,
"Deicke, Aline",,,0000-0001-7347-7625,
"Demleitner, Adrian",,,0000-0001-9918-7300,
"Demmer, Dennis",,,,
"Dennerlein, Katrin",,,0000-0003-0059-9597,
"Dennerlein, Katrin",,,0000-0003-0059-9597,
"Dennerlein, Katrin",,,0000-0003-0059-9597,
"Dennerlein, Katrin",,,0000-0003-0059-9597,
"Dennerlein, Katrin",,,,
"Dennerlein, Katrin",,,,
"Desouki, Abdelmoneim",,,0000-0003-2083-1277,
"Dewitz, Leyla",,,,
"Dias, Renata",,,,
"Diebel, Richard",,,0000-0001-7525-7175,
"Diecke, Josephine",,,,
"Diecke, Josephine",,,,
"Dieckmann, Lisa",,,0000-0002-1708-7371,
"Dieckmann, Lisa",,,0000-0002-1708-7371,
"Dieckmann, Lisa",,,0000-0002-1708-7371,
"Dieckmann, Lisa",,,0000-0002-1708-7371,
"Dieckmann, Lisa",,,,
"Dieckmann, Lisa",,,,
"Diederichs, Katja",,,,
"Diederichs, Katja",,,,
"Diehr, Franziska",,,0000-0003-3886-3250,
"Diehr, Franziska",,,,
"Diehr, Franziska",,,,
"Diehr, Franziska",,,,
"Diehr, Franziska",,,,
"Diem, Markus",,,,
"Diem, Markus",,,,
"Diesner, Jana",,,,
"Dietrich, Elisabeth",,,0009-0003-9337-1918,
"Dietrich, Elisabeth",,,,
"Dietz, Katharina",,,0000-0001-7405-3656,
"Dietz, Nadine",,,0000-0001-8060-5947,
"Diewald, Nils",,,0000-0002-2993-9180,
"Diewald, Nils",,,,
"Digmayer, Claas",,,,
"Dill, Kristin",,,,
"Dimpel, Friedrich",,,,
"Dimpel, Friedrich Michael",,,,
"Dimpel, Friedrich Michael",,,,
"Dimpel, Friedrich Michael",,,,
"Dinger, Patrick",,,0000-0002-2649-4737,
"Dinger, Patrick",,,0000-0002-2649-4737,
"Dinger, Patrick",,,0000-0002-2649-4737,
"Dinger, Patrick",,,,
"Dipper, Stefanie",,,0000-0003-4357-9078,
"Dittmann, Christina",,,0009-0000-7085-3154,
"Dittrich, Andreas",,,,
"Do Dinh, Erik-Lân",,,,
"Dogaru, George",,,0000-0001-9500-9638,
"Dogaru, Teodora",,,,
"Dogunke, Swantje",,,0000-0002-5293-7044,
"Dogunke, Swantje",,,0000-0002-5293-7044,
"Dogunke, Swantje",,,,
"Dogunke, Swantje",,,,
"Dogunke, Swantje",,,,
"Dogunke, Swantje",,,,
"Dogunke, Swantje",,,,
"Dogunke, Swantje",,,,
"Dogunke, Swantje",,,,
"Döhling, Lars",,,,
"Dombrowski, Fabian",,,,
"Donandt, Kathrin",,,,
"Dönicke, Tillmann",,,0000-0001-5844-9167,
"Dönicke, Tillmann",,,,
"Donig, Simon",,,0000-0002-1741-466X,
"Donig, Simon",,,,
"Donig, Simon",,,,
"Donig, Simon",,,,
"Donig, Simon",,,,
"Doppelbauer, Regina",,,,
"Doppler, Carina",,,,
"Döring, Sophie",,,0009-0006-2258-5304,
"Dörk, Marian",,,0000-0002-3469-7841,
"Dörk, Marian",,,0000-0002-3469-7841,
"Dörk, Marian",,,,
"Dörk, Marian",,,,
"Dörk, Marian",,,,
"Dörk, Marian",,,,
"Dörk, Marian",,,,
"Dörk, Marian",,,,
"Dörk, Marian",,,,
"Dörk, Uwe",,,,
"Dorn, Amelie",,,,
"Dorn, Amelie",,,,
"Drach, Sviatoslav",,,,
"Drach, Sviatoslav",,,,
"Drach, Sviatoslav",,,,
"Draxler, Christoph",,,,
"Drechsler, Rolf",,,0000-0002-9872-1740,
"Dreyer, Malte",,,0000-0002-1775-8622,
"Dreyer, Malte",,,,
"Dreyer, Malte",,,,
"Dreyer, Malte",,,,
"Dröge, Martin",,,,
"Druskat, Stephan",,,,
"Druskat, Stephan",,,,
"Druskat, Stephan",,,,
"Druskat, Stephan",,,,
"Du, Keli",,,0000-0001-7800-0682,
"Du, Keli",,,0000-0001-7800-0682,
"Du, Keli",,,0000-0001-7800-0682,
"Du, Keli",,,,
"Du, Keli",,,,
"Du, Keli",,,,
"Duan, Tinghui",,,0000-0002-3324-0938,
"Duan, Tinghui",,,,
"Dubova, Alona",,,,
"Dubowy, Norbert",,,,
"Dubray, David",,,,
"Dubray, David",,,,
"Duchesne, Paul",,,,
"Dudar, Julia",,,0000-0001-5545-9562,
"Dudar, Julia",,,0000-0001-5545-9562,
"Dufner, Matthias",,,,
"Dumm, Sebastian",,,,
"Dumont, Stefan",,,0000-0002-6923-0950,
"Dumont, Stefan",,,0000-0002-6923-0950,
"Dumont, Stefan",,,,
"Dumont, Stefan",,,,
"Dumont, Stefan",,,,
"Dumont, Stefan",,,,
"Dunkelmann, Lena",,,0000-0003-1655-2910,
"Dunst, Alexander",,,,
"Dunst, Alexander",,,,
"Dunst, Alexander",,,,
"Durco, Matej",,,,
"Durco, Matej",,,,
"Ďurčo, Matej",,,0000-0002-5274-8278,
"Ďurčo, Matej",,,0000-0002-5274-8278,
"Ďurčo, Matej",,,,
"Durdaği, A. Nursen",,,0000-0002-9596-3381,
"Dürfeld, Michael",,,,
"Düring, Marten",,,0000-0001-7411-771X,
"Düring, Marten",,,0000-0001-7411-771X,
"Düring, Marten",,,,
"Düring, Marten",,,,
"Düring, Marten",,,,
"Dutschke, René",,,,
"Dziudzia, Corinna",,,,
"Dziudzia, Corinna",,,,
"Ebel, Carla",,,,
"Ebert, Barbara",,,,
"Echelmeyer, Nora",,,,
"Echelmeyer, Nora",,,,
"Eckart, Thomas",,,,
"Eckenstaler, Sophie",,,0000-0001-8633-0120,
"Eckl, Markus",,,,
"Eder, Elisabeth",,,,
"Eder, Elisabeth",,,,
"Eduard, Frunzeanu",,,,
"Efer, Thomas",,,0000-0002-8376-3884,
"Efer, Thomas",,,,
"Efer, Thomas",,,,
"Effinger, Maria",,,,
"Effinger, Maria",,,,
"Egger, Nils",,,,
"Eggersglüß, Christoph",,,,
"Eggert, Lisa",,,0009-0004-3898-9923,
"Eggert, Lisa",,,,
"Ehlers, Lena",,,0000-0002-8860-3740,
"Ehrlicher, Hanno",,,,
"Ehrmann, Maud",,,,
"Ehrmanntraut, Anton",,,0000-0001-6677-586X,
"Eichenberger, Nicole",,,0000-0002-3941-9461,
"Eichfeldt, Nora",,,,
"Eichhorst, Dana",,,,
"Eickhoff, Dominic",,,0009-0008-6044-3862,
"Eide, Øyvind",,,,
"Eide, Øyvind",,,,
"Eide, Øyvind",,,,
"Eide, Øyvind",,,,
"Eigner, Johanna",,,0000-0002-1672-9555,
"Eiser, Isabel",,,0000-0003-0923-3735,
"Eiser, Isabel",,,0000-0003-0923-3735,
"Eisterhues, Marcel",,,,
"El Khatib, Randa",,,,
"El-Assady, Mennatallah",,,,
"Ellwardt, Andreas",,,,
"Elwert, Frederik",,,0000-0001-9149-9377,
"Elwert, Frederik",,,0000-0001-9149-9377,
"Elwert, Frederik",,,0000-0001-9149-9377,
"Elwert, Frederik",,,,
"Elwert, Frederik",,,,
"Elwert, Frederik",,,,
"Elwert, Frederik",,,,
"Elwert, Frederik",,,,
"Emanuel, Chagai",,,,
"Engel, Alexander",,,0000-0002-8592-3124,
"Engelberg, Stefan",,,,
"Engelberg, Stefan",,,,
"Engelhardt, Claudia",,,,
"Engelhardt, Claudia",,,,
"Engl, Elisabeth",,,,
"Engl, Elisabeth",,,,
"Enns, Sebastian",,,0009-0007-6336-8266,
"Entrup, Elias",,,0000-0002-7380-1189,
"Erler-Fridgen, Katharina",,,0000-0002-2061-2974,
"Ernst, Felix",,,0000-0002-2102-4170,
"Ernst, Thomas",,,,
"Ernst, Thomas",,,,
"Ertl, Thomas",,,,
"Ertl, Thomas",,,,
"Esch, Claudia",,,0000-0003-1996-0581,
"Eschweiler, Mark",,,,
"Essler, Holger",,,,
"Etimi, Valmir",,,,
"Evers, Anna-Maria",,,,
"Evert, Stefan",,,,
"Evert, Stefan",,,,
"Evert, Stefan",,,,
"Ewerth, Ralph",,,0000-0003-0918-6297,
"Ewerth, Ralph",,,0000-0003-0918-6297,
"Ewerth, Ralph",,,0000-0003-0918-6297,
"Ewerth, Ralph",,,,
"Ewerth, Ralph",,,,
"Eyeselein, Björn",,,,
"Fábregas Tejeda, Alejandro",,,,
"Fadeeva, Yuliya",,,0000-0002-3119-7892,
"Falkenthal, Michael",,,,
"Falkenthal, Michael",,,,
"Fallucchi, Francesca",,,,
"Fandrych, Christian",,,,
"Fangerau, Heiner",,,0000-0001-9065-3395,
"Fangerau, Heiner",,,,
"Fankhauser, Peter",,,,
"Fankhauser, Peter",,,,
"Fanta, Walter",,,,
"Faßhauer, Vera",,,,
"Faßhauer, Vera",,,,
"Fath, Laura",,,,
"Faust, Anna",,,0009-0006-5500-4860,
"Faynberg, Veronika",,,,
"Fechner, Martin",,,0000-0001-9233-0653,
"Fechner, Martin",,,,
"Fechner, Martin",,,,
"Federbusch, Maria",,,,
"Feichtinger, Moritz",,,0000-0003-1260-8884,
"Feidicker, Charlotte",,,,
"Feige, Tillmann",,,,
"Feldmann, Alina",,,,
"Feldmann, Felix",,,,
"Feldmüller, Tim",,,0000-0003-0350-3562,
"Ferger, Anne",,,,
"Fetz, Bernhard",,,0000-0003-0032-3435,
"Fichtl, Barbara",,,,
"Fichtl, Barbara",,,,
"Fichtner, Mark",,,,
"Fichtner, Mark",,,,
"Fichtner, Mark",,,,
"Fichtner, Mark",,,,
"Fickers, Andreas",,,,
"Fiechter, Benjamin",,,0000-0002-6478-5260,
"Fiedler, Maik",,,,
"Fiedler, Maik",,,,
"Fiel, Stefan",,,,
"Filipov, Velitchko",,,,
"Fischeidl, Kathrin",,,0000-0001-5508-7826,
"Fischer-Nebmaier, Wladimir",,,0000-0002-6725-9012,
"Fischer-Nebmaier, Wladimir",,,0000-0002-6725-9012,
"Fischer, Andreas",,,,
"Fischer, Barbara",,,0009-0009-5034-6687,
"Fischer, Barbara",,,,
"Fischer, Frank",,,0000-0003-2419-6629,
"Fischer, Frank",,,0000-0003-2419-6629,
"Fischer, Frank",,,0000-0003-2419-6629,
"Fischer, Frank",,,0000-0003-2419-6629,
"Fischer, Frank",,,0000-0003-2419-6629,
"Fischer, Frank",,,0000-0003-2419-6629,
"Fischer, Frank",,,0000-0003-2419-6629,
"Fischer, Frank",,,0000-0003-2419-6629,
"Fischer, Frank",,,,
"Fischer, Frank",,,,
"Fischer, Frank",,,,
"Fischer, Frank",,,,
"Fischer, Frank",,,,
"Fischer, Frank",,,,
"Fischer, Frank",,,,
"Fischer, Frank",,,,
"Fischer, Frank",,,,
"Fischer, Frank",,,,
"Fischer, Frank",,,,
"Fischer, Frank",,,,
"Fischer, Franz",,,,
"Fischer, Franz",,,,
"Fischer, Franz",,,,
"Fischer, Franz",,,,
"Fischer, Katrin",,,,
"Fischer, Peter M.",,,,
"Fischer, Tim",,,0000-0003-2560-5623,
"Fischer, Tim",,,0000-0003-2560-5623,
"Flanders, Julia",,,,
"Fleer, Peter",,,,
"Fleischmann, Florian",,,,
"Fless, Friederike",,,,
"Fliegl, Heike",,,,
"Flinz, Carolina",,,,
"Flückiger, Barbara",,,,
"Flueh, Marie",,,,
"Flüh, Marie",,,0000-0002-1707-284X,
"Flüh, Marie",,,0000-0002-1707-284X,
"Flüh, Marie",,,0000-0002-1707-284X,
"Flüh, Marie",,,,
"Flüh, Marie",,,,
"Flüh, Marie",,,,
"Flüh, Marie",,,,
"Flüh, Marie",,,,
"Flüh, Marie",,,,
"Fluss, Fabian",,,,
"Foester, Karl",,,,
"Forney, Christian",,,,
"Forney, Christian",,,,
"Frank, Andrew U.",,,,
"Frank, Ingo",,,0000-0003-0372-3637,
"Frank, Ingo",,,,
"Frank, Ingo",,,,
"Frank, Ingo",,,,
"Frank, Laura",,,,
"Frank, Markus",,,,
"Frank, Puppe",,,,
"Franke, Claus",,,0000-0003-3371-6163,
"Franke, Stefanie",,,,
"Franken, Lina",,,,
"Franken, Lina",,,,
"Franken, Lina",,,,
"Franken, Lina",,,,
"Franken, Lina",,,,
"Franken, Lina",,,,
"Franzini, Greta",,,0000-0003-1159-5575,
"Franzini, Greta",,,,
"Frauendorfer, Melanie",,,,
"Freund, Jens",,,0000-0001-6232-7568,
"Freyberg, Linda",,,,
"Freyberg, Linda",,,,
"Freytag, Julian",,,0009-0002-0622-2184,
"Frick, Elena",,,,
"Frick, Elena",,,,
"Fricke-Steyer, Henrike",,,,
"Fricke-Steyer, Henrike",,,,
"Fricke-Steyer, Henrike",,,,
"Friedl, Dennis",,,,
"Friedrichs, Kristina",,,,
"Friedrichs, Kristina",,,,
"Friedrichs, Kristina",,,,
"Fritz, Steffen",,,,
"Fritze, Christiane",,,0000-0001-5099-8970,
"Fritze, Christiane",,,,
"Fritze, Christiane",,,,
"Fuchs, Alexandra",,,,
"Fuchs, Florian",,,,
"Fuchs, Florian",,,,
"Fuchs, Nele",,,0009-0004-6837-6968,
"Fuest, Stefan",,,,
"Füllsack, Manfred",,,0000-0002-7772-4061,
"Funk, Stefan",,,0000-0003-1259-2288,
"Funk, Stefan E.",,,,
"Fußbahn, Ulrike",,,,
"Fußbahn, Ulrike",,,,
"Gabriel Losada Gómez, Antonio",,,,
"Gaertner, Markus",,,,
"Gaidys, Uta",,,,
"Gaidys, Uta",,,,
"Gálffy, Andreas",,,,
"Galka, Selina",,,,
"Galka, Selina",,,,
"Gammenthaler, Daniel",,,,
"Garcés, Juan",,,,
"Gärtner, Markus",,,,
"Garzón Rodríguez, Judit",,,0009-0008-5102-4420,
"Gasch, Joachim",,,,
"Gassner, Sebastian",,,,
"Gauer, Isabelle",,,,
"Gebhard, Henning",,,0000-0001-7853-1950,
"Gebhard, Henning",,,,
"Geduldig, Alena",,,,
"Geelhaar, Tim",,,,
"Geestmann, Mareen",,,,
"Gehrke, Stefanie",,,,
"Geierhos, Michaela",,,,
"Geierhos, Michaela",,,,
"Geiger, Bernhard",,,,
"Geiger, Jonathan",,,0000-0002-0452-7075,
"Geiger, Jonathan",,,0000-0002-0452-7075,
"Geiger, Jonathan",,,0000-0002-0452-7075,
"Geiger, Jonathan",,,,
"Geiger, Jonathan D.",,,0000-0002-0452-7075,
"Geipel, Andrea",,,,
"Geißel, Pia",,,,
"Geißler, Nils",,,0000-0002-5852-1402,
"Geißler, Nils",,,,
"Geißler, Nils",,,,
"Geißner, Andreas",,,0000-0002-6996-4671,
"Genêt, Philippe",,,0009-0001-5095-8052,
"Genêt, Philippe",,,0009-0001-5095-8052,
"Gengnagel, Tessa",,,0000-0001-8820-5112,
"Gengnagel, Tessa",,,0000-0001-8820-5112,
"Gengnagel, Tessa",,,0000-0001-8820-5112,
"Gengnagel, Tessa",,,0000-0001-8820-5112,
"Gengnagel, Tessa",,,0000-0001-8820-5112,
"Gengnagel, Tessa",,,,
"Genzel, Kristina",,,,
"Genzel, Kristina",,,,
"Georgi, Christopher",,,,
"Gerber, Anja",,,0000-0003-2576-1511,
"Gerber, Anja",,,0000-0003-2576-1511,
"Gerber, Anja",,,0000-0003-2576-1511,
"Gerber, Anja",,,0000-0003-2576-1511,
"Gerber, Anja",,,,
"Gerber, Anja",,,,
"Gerhards, Donata",,,,
"Gerhards, Simone",,,,
"Gerloff, Malte",,,,
"Gernert, Folke",,,0000-0002-6424-0711,
"Gerstenberg, Annette",,,0000-0001-7647-6986,
"Gerstenberg, Annette",,,,
"Gerstorfer, Dominik",,,0000-0002-8095-2540,
"Gerstorfer, Dominik",,,0000-0002-8095-2540,
"Gerstorfer, Dominik",,,0000-0002-8095-2540,
"Gerstorfer, Dominik",,,0000-0002-8095-2540,
"Gerstorfer, Dominik",,,0000-0002-8095-2540,
"Gerstorfer, Dominik",,,0000-0002-8095-2540,
"Gerstorfer, Dominik",,,0000-0002-8095-2540,
"Gerstorfer, Dominik",,,0000-0002-8095-2540,
"Gerstorfer, Dominik",,,,
"Gerstorfer, Dominik",,,,
"Gervais, Ludovic",,,,
"Geuder, Philipp",,,,
"Geukes, Albert",,,,
"Geyken, Alexander",,,,
"Gfrereis, Heike",,,,
"Ghosh, Sharanya",,,,
"Gietz, Peter",,,,
"Giovannini, Luca",,,,
"Gius, Evelyn",,,0000-0001-8888-8419,
"Gius, Evelyn",,,0000-0001-8888-8419,
"Gius, Evelyn",,,0000-0001-8888-8419,
"Gius, Evelyn",,,0000-0001-8888-8419,
"Gius, Evelyn",,,0000-0001-8888-8419,
"Gius, Evelyn",,,0000-0001-8888-8419,
"Gius, Evelyn",,,0000-0001-8888-8419,
"Gius, Evelyn",,,0000-0001-8888-8419,
"Gius, Evelyn",,,,
"Gius, Evelyn",,,,
"Gius, Evelyn",,,,
"Gius, Evelyn",,,,
"Gius, Evelyn",,,,
"Gius, Evelyn",,,,
"Gius, Evelyn",,,,
"Gius, Evelyn",,,,
"Gius, Evelyn",,,,
"Gius, Evelyn",,,,
"Glas, Julia",,,0000-0002-0532-2653,
"Glawion, Anastasia",,,0000-0001-6140-1826,
"Glawion, Anastasia",,,0000-0001-6140-1826,
"Glawion, Anastasia",,,0000-0001-6140-1826,
"Gleim, Rüdiger",,,,
"Gleixner, Sebastian",,,,
"Glinka, Katrin",,,,
"Glinka, Katrin",,,,
"Glinka, Katrin",,,,
"Glinka, Katrin",,,,
"Gloning, Thomas",,,,
"Glück, David",,,,
"Gnadt, Timo",,,,
"Gnadt, Timo",,,,
"Gnau-Franké, Birte",,,0000-0001-5363-5235,
"Gneiß, Markus",,,,
"Göbel, Mathias",,,0000-0002-1102-5284,
"Göbel, Mathias",,,,
"Göbel, Mathias",,,,
"Göbel, Mathias",,,,
"Göbel, Mathias",,,,
"Göbel, Mathias",,,,
"Gödeke, Luisa",,,,
"Gödel, Martina",,,,
"Gödel, Martina",,,,
"Gödel, Martina",,,,
"Godler, Katharina",,,,
"Godler, Katharina",,,,
"Goedel, Martina",,,,
"Goedel, Martina",,,,
"Goerss, Eleanor",,,0009-0006-6575-8180,
"Goerz, Guenther",,,,
"Göggelmann, Michael",,,,
"Gold, Valentin",,,,
"Goldberg, Jan Michael",,,,
"Goldhahn, Dirk",,,0000-0003-1681-567X,
"Goldhahn, Dirk",,,0000-0003-1681-567X,
"Goldhahn, Dirk",,,,
"Gollenstede, Andreas",,,,
"González, Alicia",,,,
"Gorisch, Jan",,,,
"Görke, Susanne",,,,
"Görz, Günther",,,0000-0001-7769-3050,
"Görz, Günther",,,,
"Görz, Günther",,,,
"Göttel, Sebastian",,,0000-0002-8590-7730,
"Götzelmann, Germaine",,,0000-0003-3974-3728,
"Götzelmann, Germaine",,,,
"Götzelmann, Germaine",,,,
"Grabsch, Sascha",,,0000-0002-7447-4589,
"Grabsch, Sascha",,,,
"Grabsch, Sascha",,,,
"Grabsch, Sascha",,,,
"Grabsch, Sascha",,,,
"Gradl, Tobias",,,0000-0002-1392-2464,
"Gradl, Tobias",,,,
"Gradl, Tobias",,,,
"Gradl, Tobias",,,,
"Gradl, Tobias",,,,
"Gradl, Tobias",,,,
"Gradl, Tobias",,,,
"Gradl, Tobias",,,,
"Gradmann, Stefan",,,,
"Grallert, Till",,,0000-0002-5739-8094,
"Grallert, Till",,,0000-0002-5739-8094,
"Gray, Edward",,,0000-0002-5201-1014,
"Grebe, Anja",,,0000-0002-1926-3623,
"Greulich, Markus",,,,
"Griebel, Johannes",,,0000-0002-9373-6759,
"Grießer, Martina",,,,
"Grisot, Giulia",,,0000-0002-3038-6202,
"Gronemeyer, Sven",,,,
"Gronemeyer, Sven",,,,
"Grosse, Peggy",,,,
"Große, Peggy",,,0000-0003-1181-6219,
"Große, Peggy",,,,
"Große, Peggy",,,,
"Große, Peggy",,,,
"Große, Peggy",,,,
"Grote, Brigitte",,,,
"Grube, Nikolai",,,,
"Grube, Nikolai",,,,
"Gruber, Andrea",,,0000-0001-6806-6100,
"Gruber, Christine",,,,
"Gruber, Doris",,,0000-0002-0512-100X,
"Grumbach, Florian",,,0000-0003-3068-0265,
"Grumt Suárez, Holger",,,,
"Grundig de Vazquez, Katja",,,,
"Grünewald, Stefan",,,,
"Grüntgens, Max",,,,
"Grüntgens, Max",,,,
"Gruß, Melanie",,,0000-0003-1768-0092,
"Guescini, Rolf",,,0000-0003-4325-5751,
"Guescini, Rolf",,,,
"Guhr, Svenja",,,0000-0002-7686-3609,
"Guhr, Svenja",,,0000-0002-7686-3609,
"Guhr, Svenja",,,0000-0002-7686-3609,
"Guhr, Svenja",,,,
"Guhr, Svenja",,,,
"Guhr, Svenja",,,,
"Guhr, Svenja",,,,
"Guhr, Svenja",,,,
"Guido, Daniele",,,0000-0003-1601-4274,
"Guido, Daniele",,,,
"Guido, Daniele",,,,
"Gülden, Svenja A.",,,,
"Günther, Johanna",,,,
"Güntner, Lydia",,,,
"Gurevych, Iryna",,,,
"Guth, Matthias",,,,
"Gutiérrez De la Torre, Silvia Eunice",,,0000-0001-8717-2291,
"Guy, Louisa",,,,
"Haaf, Susanne",,,,
"Haaf, Susanne",,,,
"Haaf, Susanne",,,,
"Haaf, Susanne",,,,
"Haaf, Susanne",,,,
"Haas, Gabriele",,,,
"Habicht, Stephanie",,,,
"Habler, Florian",,,,
"Haddassah Wendl, Katharina",,,,
"Hadden, Richard",,,,
"Hadersbeck, Maximilian",,,,
"Hadersbeck, Maximilian",,,,
"Hadersbeck, Maximilian",,,,
"Hadersbeck, Maximilian",,,,
"Hadersbeck, Maximilian",,,,
"Hadersbeck, Maximilian",,,,
"Hadjakos, Aristotelis",,,,
"Häfner, Claudia",,,,
"Hagen, Thora",,,0000-0002-3731-6397,
"Hagen, Thora",,,0000-0002-3731-6397,
"Hagener, Malte",,,0000-0003-4664-5536,
"Hägert, Erik",,,,
"Hahn, Carolin",,,,
"Hahn, Udo",,,,
"Hahn, Udo",,,,
"Hahn, Udo",,,,
"Hahn, Udo",,,,
"Haider, Thomas",,,,
"Haider, Thomas Nikolaus",,,,
"Hall, Mark",,,0000-0003-0081-4277,
"Hall, Mark",,,0000-0003-0081-4277,
"Hall, Mark",,,0000-0003-0081-4277,
"Hall, Mark",,,0000-0003-0081-4277,
"Hall, Mark",,,,
"Hall, Mark",,,,
"Halling, Thorsten",,,0000-0002-1743-1611,
"Halling, Thorsten",,,,
"Hamann, Hanjo",,,,
"Hamisch, Juliane",,,,
"Hammer, Angela",,,0000-0002-8711-3221,
"Hampel, Lisa",,,,
"Handschuh, Siegfried",,,,
"Handschuh, Siegfried",,,,
"Handschuh, Siegfried",,,,
"Handschuh, Siegfried",,,,
"Handschuh, Siegfried",,,,
"Hanewinkel, Christian",,,,
"Hannesschlaeger, Vanessa",,,,
"Hannesschläger, Vanessa",,,0000-0003-0938-0890,
"Hannesschläger, Vanessa",,,,
"Hannesschläger, Vanessa",,,,
"Hannesschläger, Vanessa",,,,
"Hannesschläger, Vanessa",,,,
"Hannesschläger, Vanessa",,,,
"Hanzer, Helene",,,,
"Harald, Lüngen",,,,
"Hartel, Rita",,,,
"Hartel, Rita",,,,
"Hartel, Rita",,,,
"Hartel, Rita",,,,
"Hartelt, Alexander",,,,
"Hartmann, Jutta",,,,
"Hartmann, Volker",,,,
"Hartmann, Volker",,,,
"Harvey, Francis",,,0000-0003-0027-8320,
"Harzenetter, Lukas",,,,
"Harzenetter, Lukas",,,,
"Hastik, Canan",,,,
"Hastik, Canan",,,,
"Hatzel, Hans Ole",,,0000-0002-4586-7260,
"Hatzel, Hans Ole",,,0000-0002-4586-7260,
"Hauck, Oliver",,,,
"Hausmann, Christiane",,,,
"Häußler, Julian",,,0000-0001-7490-8570,
"Häußler, Julian",,,,
"Hautli-Janisz, Annette",,,,
"Hechtl, Angelika",,,,
"Hechtl, Angelika",,,,
"Hechtl, Angelika",,,,
"Heckelen, Malte",,,,
"Heckelen, Malte",,,,
"Hedeland, Hanna",,,,
"Hedeland, Hanna",,,,
"Hedeland, Hanna",,,,
"Hedeland, Hanna",,,,
"Heftberger, Adelheid",,,,
"Heftberger, Adelheid",,,,
"Hegel, Philipp",,,0000-0001-6867-1511,
"Hegel, Philipp",,,0000-0001-6867-1511,
"Hegel, Philipp",,,0000-0001-6867-1511,
"Hegel, Philipp",,,0000-0001-6867-1511,
"Hegel, Philipp",,,,
"Hegel, Philipp",,,,
"Hegel, Philipp",,,,
"Heger, Martin",,,,
"Heidmann, Frank",,,,
"Heilig, Anne",,,,
"Heilmann, Juliane",,,,
"Hein, Pascal",,,0000-0002-2138-3069,
"Hein, Pascal",,,0000-0002-2138-3069,
"Heinig, Julia",,,,
"Heiniger, Anna Katharina",,,,
"Heinisch, Barbara",,,,
"Heinisch, Barbara",,,,
"Heinrich, Marcus",,,,
"Helling, Patrick",,,0000-0003-4043-165X,
"Helling, Patrick",,,0000-0003-4043-165X,
"Helling, Patrick",,,0000-0003-4043-165X,
"Helling, Patrick",,,0000-0003-4043-165X,
"Helling, Patrick",,,0000-0003-4043-165X,
"Helling, Patrick",,,0000-0003-4043-165X,
"Helling, Patrick",,,0000-0003-4043-165X,
"Helling, Patrick",,,0000-0003-4043-165X,
"Helling, Patrick",,,,
"Helling, Patrick",,,,
"Helling, Patrick",,,,
"Helling, Patrick",,,,
"Helling, Patrick",,,,
"Hellrich, Johannes",,,,
"Hellrich, Johannes",,,,
"Hellrich, Johannes",,,,
"Hellwig, Oliver",,,,
"Helm, Caroline",,,,
"Helm, Wiebke",,,0000-0001-6856-9154,
"Helm, Wiebke",,,,
"Hemati, Wahed",,,,
"Henke, Konstantin",,,,
"Henkensiefken, Claus",,,,
"Henner, Drewes",,,,
"Hennicke, Steffen",,,,
"Henning, Pia",,,,
"Henninger, Christine",,,,
"Henny-Krahmer, Ulrike",,,0000-0003-2852-065X,
"Henny-Krahmer, Ulrike",,,0000-0003-2852-065X,
"Henny-Krahmer, Ulrike",,,0000-0003-2852-065X,
"Henny-Krahmer, Ulrike",,,0000-0003-2852-065X,
"Henny-Krahmer, Ulrike",,,0000-0003-2852-065X,
"Henny-Krahmer, Ulrike",,,0000-0003-2852-065X,
"Henny-Krahmer, Ulrike",,,,
"Henny-Krahmer, Ulrike",,,,
"Henny-Krahmer, Ulrike",,,,
"Henny-Krahmer, Ulrike",,,,
"Henny-Krahmer, Ulrike",,,,
"Henny-Krahmer, Ulrike",,,,
"Henny, Ulrike",,,,
"Henrich, Andreas",,,,
"Henrich, Andreas",,,,
"Henrich, Andreas",,,,
"Henrich, Andreas",,,,
"Henrich, Andreas",,,,
"Hensen, Kilian",,,0000-0001-6708-1237,
"Hentschel, Frank",,,,
"Henze, Frank",,,,
"Henzel, Katrin",,,0000-0001-8260-223X,
"Herbers, Maximilian",,,,
"Herbst, Yannik",,,0000-0002-6547-9599,
"Hermes, Jürgen",,,,
"Hermes, Jürgen",,,,
"Hermes, Jürgen",,,,
"Herold, Kristin",,,0000-0003-2915-353X,
"Herold, Kristin",,,,
"Herrmann, Berenike",,,0000-0002-5256-0566,
"Herrmann, Berenike",,,0000-0002-5256-0566,
"Herrmann, Berenike",,,,
"Herrmann, Elisa",,,,
"Herrmann, Elisa",,,,
"Herrmann, J. Berenike",,,0000-0002-5256-0566,
"Herrmann, J. Berenike",,,0000-0002-5256-0566,
"Herrmann, J. Berenike",,,,
"Herrmann, J. Berenike",,,,
"Herrmann, J. Berenike",,,,
"Herrmann, J. Berenike",,,,
"Herrmann, J. Berenike",,,,
"Herteis, Simeon",,,,
"Herteis, Simeon",,,,
"Hertling, Anke",,,,
"Herzgsell, Teresa",,,,
"Hess, Jan",,,0000-0003-4162-2132,
"Hess, Jan",,,0000-0003-4162-2132,
"Hess, Jan",,,0000-0003-4162-2132,
"Hess, Jan",,,,
"Hess, Jan",,,,
"Heßbrüggen-Walter, Stefan",,,0000-0002-9383-026X,
"Heßbrüggen-Walter, Stefan",,,,
"Heßbrüggen-Walter, Stefan",,,,
"Heßbrüggen-Walter, Stefan",,,,
"Heßbrüggen-Walter, Stefan",,,,
"Heßbrüggen-Walter, Stefan",,,,
"Hettinger, Lena",,,,
"Hettinger, Lena",,,,
"Heuberger, Hannes",,,,
"Heuwing, Ben",,,,
"Heuwing, Ben",,,,
"Heyer, Gerhard",,,,
"Heyer, Gerhard",,,,
"Hiebert, Matthew",,,,
"Hiepel, Ludger",,,0000-0003-4473-3399,
"High-Steskal, Nicole",,,0000-0002-9823-5507,
"High-Steskal, Nicole",,,0000-0002-9823-5507,
"High-Steskal, Nicole",,,0000-0002-9823-5507,
"Hildenbrandt, Vera",,,,
"Hildenbrandt, Vera",,,,
"Hildenbrandt, Vera",,,,
"Hilger, Agnes",,,0000-0002-7636-341X,
"Hiltmann, Torsten",,,0000-0002-6757-6210,
"Hiltmann, Torsten",,,0000-0002-6757-6210,
"Hiltmann, Torsten",,,0000-0002-6757-6210,
"Hiltmann, Torsten",,,0000-0002-6757-6210,
"Hiltmann, Torsten",,,,
"Himmelmann, Nikolaus",,,,
"Hinkelmanns, Peter",,,,
"Hinrichs, Erhard",,,,
"Hinrichs, Marie",,,,
"Hinrichsen, Lena",,,0000-0002-9286-2390,
"Hinrichsen, Lena",,,0000-0002-9286-2390,
"Hinrichsen, Lena",,,,
"Hintersteiner, Julia",,,,
"Hinzmann, Maria",,,0000-0001-7199-1436,
"Hinzmann, Maria",,,0000-0001-7199-1436,
"Hinzmann, Maria",,,0000-0001-7199-1436,
"Hinzmann, Maria",,,0000-0001-7199-1436,
"Hitzker, Michael",,,,
"Hobisch, Elisabeth",,,,
"Hochreiter, Clara",,,,
"Hodel, Tobias",,,0000-0002-2071-6407,
"Hodel, Tobias",,,,
"Hodel, Tobias",,,,
"Hodel, Tobias",,,,
"Hodel, Tobias",,,,
"Hodel, Tobias",,,,
"Hodel, Tobias",,,,
"Hodel, Tobias",,,,
"Hoenen, Armin",,,,
"Hoenen, Armin",,,,
"Hoenen, Armin",,,,
"Hoffmann, Christoph",,,,
"Hoffmann, Moritz",,,,
"Hoffmann, Tracy",,,,
"Höfler, Elke",,,,
"Höfler, Markus",,,,
"Hofmann-Polster, Katharina",,,,
"Hofmann, Anna Mareike",,,,
"Hohenstein, Sven",,,,
"Hohenstein, Sven",,,,
"Hohenstein, Sven",,,,
"Hohmann, Georg",,,,
"Hohmann, Georg",,,,
"Hohmann, Georg",,,,
"Holly, Eva Maria",,,,
"Holly, Eva Maria",,,,
"Höltgen, Stefan",,,0000-0001-8669-8507,
"Holtz, Sabine",,,,
"Holz, Alex",,,,
"Holzer, Matthias",,,,
"Holzinger, Katharina",,,,
"Homburg, Timo",,,0000-0002-9499-5840,
"Homburg, Timo",,,,
"Homburg, Timo",,,,
"Homburg, Timo",,,,
"Hopp, Meike",,,0000-0001-9590-304X,
"Hoppe, Stephan",,,,
"Hoppe, Stephan",,,,
"Höps, Raphael",,,,
"Hörmann, Richard",,,,
"Hörnschemeyer, Jörg",,,0000-0001-8788-5718,
"Hörnschemeyer, Jörg",,,0000-0001-8788-5718,
"Horstmann, Jan",,,0000-0001-8047-2232,
"Horstmann, Jan",,,0000-0001-8047-2232,
"Horstmann, Jan",,,0000-0001-8047-2232,
"Horstmann, Jan",,,0000-0001-8047-2232,
"Horstmann, Jan",,,0000-0001-8047-2232,
"Horstmann, Jan",,,0000-0001-8047-2232,
"Horstmann, Jan",,,0000-0001-8047-2232,
"Horstmann, Jan",,,0000-0001-8047-2232,
"Horstmann, Jan",,,0000-0001-8047-2232,
"Horstmann, Jan",,,,
"Horstmann, Jan",,,,
"Horstmann, Jan",,,,
"Horstmann, Jan",,,,
"Horstmann, Jan",,,,
"Horstmann, Jan",,,,
"Horstmann, Jan",,,,
"Horstmann, Wolfram",,,,
"Horstmann, Wolfram",,,,
"Horvath, Aliz",,,0000-0002-9131-5504,
"Hotho, Andreas",,,,
"Hotho, Andreas",,,,
"Hotho, Andreas",,,,
"Hotho, Andreas",,,,
"Hotho, Andreas",,,,
"Hotho, Andreas",,,,
"Hottiger, Christoph",,,,
"Hotz, Gerhard",,,,
"Howanitz, Gernot",,,,
"Howanitz, Gernot",,,,
"Howanitz, Gernot",,,,
"Howanitz, Gernot",,,,
"Howanitz, Gernot",,,,
"Howanitz, Gernot",,,,
"Howanitz, Gernot",,,,
"Huang, Qianqi",,,,
"Hübner, Julia",,,,
"Huff, Dorothee",,,0000-0003-0866-9967,
"Hug, Marius",,,,
"Hüllermeier, Eyke",,,,
"Hummerl, Susanne",,,,
"Hunziker, Manuel",,,,
"Hüppe, Henrika",,,0000-0002-0570-7924,
"Hussein, Hussein",,,,
"Hussein, Hussein",,,,
"Hüther, Frank",,,,
"Ibanez, Ines",,,,
"Iffland, Joachim",,,,
"Iglesia, Martin de la",,,,
"Ihden, Sarah",,,,
"Iliash, Anna",,,,
"Illmayer, Klaus",,,0000-0001-7253-996X,
"Illmayer, Klaus",,,0000-0001-7253-996X,
"Illmayer, Klaus",,,,
"Illmer, Viktor",,,0000-0002-7334-781X,
"Illmer, Viktor J.",,,0000-0002-7334-781X,
"Illmer, Viktor J.",,,0000-0002-7334-781X,
"Im, Chanjong",,,,
"Imeri, Sabine",,,,
"Ioannu, Johannes",,,0009-0000-3952-0730,
"Ionov, Maxim",,,,
"Ivanovic, Christine",,,,
"Ivanovic, Christine",,,,
"Jacke, Janina",,,0000-0001-7217-3136,
"Jacke, Janina",,,,
"Jacke, Janina",,,,
"Jacke, Janina",,,,
"Jacke, Janina",,,,
"Jacke, Janina",,,,
"Jacke, Janina",,,,
"Jakobs, Eva-Maria",,,,
"Jakubicek, Milos",,,,
"Jamin, Sugih",,,,
"Jana, Klinger",,,0009-0008-5566-1101,
"Jander, Melina",,,0000-0003-1646-6836,
"Jander, Melina",,,0000-0003-1646-6836,
"Jänicke, Stefan",,,,
"Jänicke, Steffan",,,,
"Janka, Anna",,,,
"Jannidis, Fotis",,,0000-0001-6944-6113,
"Jannidis, Fotis",,,0000-0001-6944-6113,
"Jannidis, Fotis",,,0000-0001-6944-6113,
"Jannidis, Fotis",,,0000-0001-6944-6113,
"Jannidis, Fotis",,,0000-0001-6944-6113,
"Jannidis, Fotis",,,,
"Jannidis, Fotis",,,,
"Jannidis, Fotis",,,,
"Jannidis, Fotis",,,,
"Jannidis, Fotis",,,,
"Jannidis, Fotis",,,,
"Jannidis, Fotis",,,,
"Jannidis, Fotis",,,,
"Jannidis, Fotis",,,,
"Jannidis, Fotis",,,,
"Jannidis, Fotis",,,,
"Jannidis, Fotis",,,,
"Jannidis, Fotis",,,,
"Jannidis, Fotis",,,,
"Jannidis, Fotis",,,,
"Jannidis, Fotis",,,,
"Jannidis, Fotis",,,,
"Jansky, Caroline",,,0000-0002-7071-1022,
"Jansky, Caroline",,,0000-0002-7071-1022,
"Jara, Karolina",,,,
"Jarosch, Julian",,,0000-0001-8483-8123,
"Jarosch, Julian",,,,
"Jäschke, Robert",,,,
"Jäschke, Robert",,,,
"Jäschke, Robert",,,,
"Jegan, Robin",,,,
"Jeller, Daniel",,,,
"Jeller, Daniel",,,,
"Jentsch, Patrick",,,,
"Jettka, Daniel",,,0000-0002-2375-2227,
"Jettka, Daniel",,,0000-0002-2375-2227,
"Jettka, Daniel",,,,
"Jettka, Daniel",,,,
"Jha, Vandana",,,0000-0002-6629-0042,
"Jochen, Strobel",,,,
"John, Markus",,,,
"Johnson, Christopher",,,,
"Johnson, Christopher",,,,
"Jouravel, Anna",,,0000-0002-7767-4973,
"Jügel, Thomas",,,,
"Jung, Kerstin",,,0000-0002-9548-8461,
"Jung, Kerstin",,,0000-0002-9548-8461,
"Jung, Kerstin",,,0000-0002-9548-8461,
"Jung, Kerstin",,,0000-0002-9548-8461,
"Jung, Kerstin",,,0000-0002-9548-8461,
"Jung, Kerstin",,,0000-0002-9548-8461,
"Jung, Kerstin",,,0000-0002-9548-8461,
"Jung, Kerstin",,,,
"Jung, Kerstin",,,,
"Jung, Kerstin",,,,
"Jüngerkes, Sven",,,,
"Junginger, Pauline",,,0000-0003-3899-1674,
"Junginger, Pauline",,,0000-0003-3899-1674,
"Jurczyk, Thomas",,,0000-0002-5943-2305,
"Jürgens, Marco",,,,
"Jürgens, Marco",,,,
"Jurish, Bryan",,,0000-0003-4230-3790,
"Jurish, Bryan",,,,
"Jursa, Michael",,,,
"Jurst-Görlach, Denise",,,0000-0002-7130-1121,
"Kababgi, Daniel",,,0009-0002-0990-6418,
"Kababgi, Daniel",,,,
"Kabatnik, Susanne",,,0000-0002-9022-9559,
"Kacsuk, Zoltan",,,0000-0002-6733-3294,
"Kaden, Ben",,,,
"Kaden, Ben",,,,
"Kahl, Hannes",,,,
"Kailus, Angela",,,0000-0003-1514-2258,
"Kaiser, Maximilian",,,,
"Kaiser, Rieke Marie",,,,
"Kallas, Jelena",,,,
"Kalman, Tibor",,,,
"Kalmer, Silke",,,0009-0006-2292-058X,
"Kalmer, Silke",,,,
"Kaltseis, Magdalena",,,,
"Kaltseis, Magdalena",,,,
"Kalyakin, Roman",,,,
"Kalyakin, Roman",,,,
"Kamencek, Teresa",,,,
"Kaminski, Andreas",,,,
"Kamlah, Jan",,,0000-0002-0417-7562,
"Kamocki, Pawel",,,,
"Kamocki, Pawel",,,,
"Kamocki, Pawel",,,,
"Kamocki, Pawel",,,,
"Kamocki, Pawel",,,,
"Kamocki, Paweł",,,,
"Kamphausen, Julian",,,,
"Kampkaspar, Dario",,,0000-0002-0118-0811,
"Kampkaspar, Dario",,,0000-0002-0118-0811,
"Kampkaspar, Dario",,,0000-0002-0118-0811,
"Kampkaspar, Dario",,,,
"Kampkaspar, Dario",,,,
"Kampkaspar, Dario",,,,
"Kampkaspar, Dario",,,,
"Kampkaspar, Dario",,,,
"Kampkaspar, Dario",,,,
"Kampkaspar, Dario",,,,
"Kamzelak, Roland",,,,
"Kantner, Cathleen",,,,
"Kantner, Cathleen",,,,
"Kapeller, Edith",,,,
"Kaplan, Frederic",,,,
"Karcher, Stefan",,,,
"Karlova-Bourbonus, Natali",,,,
"Karner, Stefan",,,,
"Karthaus, Nicola",,,,
"Kasper, Dominik",,,,
"Kasper, Dominik",,,,
"Kaßner, Fabian",,,,
"Kath, Roxana",,,,
"Kath, Roxana",,,,
"Katharina, Krüger",,,,
"Katrin, Hein",,,,
"Katsiadakis, Helen",,,0000-0002-8547-3143,
"Kauf, Carina",,,,
"Kaufmann, Sascha",,,,
"Keck, Jana",,,0000-0002-9416-1256,
"Keck, Jana",,,0000-0002-9416-1256,
"Keck, Jana",,,0000-0002-9416-1256,
"Keck, Jana",,,,
"Keilholz, Franz",,,,
"Keilholz, Franz",,,,
"Keim, Daniel A.",,,,
"Keim, Daniel A.",,,,
"Keller, Carolin",,,,
"Keller, Lennart",,,,
"Keller, Maret",,,,
"Kellner, Nils",,,0009-0002-3966-5635,
"Kellner, Nils",,,0009-0002-3966-5635,
"Kelm, Holden",,,,
"Kempf, Sebastian",,,,
"Kepper, Johannes",,,0000-0003-4891-260X,
"Kepper, Johannes",,,,
"Kepper, Johannes",,,,
"Kepper, Johannes",,,,
"Kern, Manfred",,,,
"Kernerman, Ilan",,,,
"Kesselheim, Wolfgang",,,,
"Kesselheim, Wolfgang",,,,
"Kessels, Geert",,,,
"Kessler, Linda",,,,
"Kestemont, Mike",,,,
"Kestemont, Mike",,,,
"Ketschik, Nora",,,0000-0001-8758-5432,
"Ketschik, Nora",,,,
"Ketschik, Nora",,,,
"Ketschik, Nora",,,,
"Ketschik, Nora",,,,
"Ketschik, Nora",,,,
"Ketzan, Erik",,,,
"Ketzan, Erik",,,,
"Ketzan, Erik",,,,
"Kienbaum, Janna",,,,
"Kilincoglu, Deniz",,,,
"Kim, Evgeny",,,,
"Kim, Kyuhee",,,,
"Kindler, Sebastian",,,0000-0002-9699-2360,
"Kipke, Marta",,,,
"Kirchhoff, Leonie",,,,
"Kirchweger, Franz",,,,
"Kischel, André",,,,
"Kisler, Thomas",,,,
"Kiss, Börge",,,,
"Kissinger, Timo",,,,
"Kittel, Christopher",,,,
"Kittel, Christopher",,,,
"Kittel, Christopher",,,,
"Kittel, Christopher",,,,
"Kittelmann, Jana",,,,
"Klaes, Jan Sebastian",,,0000-0003-3597-7017,
"Klaes, Jan Sebastian",,,0000-0003-3597-7017,
"Klaes, Jan Sebastian",,,,
"Klaes, Sebastian",,,,
"Klaffki, Lisa",,,,
"Klaffki, Lisa",,,,
"Klaffki, Lisa",,,,
"Klaffki, Lisa",,,,
"Klaffki, Lisa",,,,
"Klakow, Dietrich",,,,
"Klammer, Ralf",,,0000-0003-4816-6440,
"Klammt, Anna",,,,
"Klammt, Anne",,,0000-0003-3697-9241,
"Klammt, Anne",,,0000-0003-3697-9241,
"Klammt, Anne",,,,
"Klappenbach, Lou",,,0000-0001-6587-3353,
"Klappenbach, Lou",,,0000-0001-6587-3353,
"Klappenbach, Lou",,,0000-0001-6587-3353,
"Klauk, Stephanie",,,,
"Klaus, Carsten",,,,
"Klawitter, Jana",,,,
"Klee, Anne",,,0000-0002-1532-2649,
"Klee, Anne",,,0000-0002-1532-2649,
"Klee, Anne",,,0000-0002-1532-2649,
"Klee, Anne",,,0000-0002-1532-2649,
"Kleineberg, Michael",,,,
"Kleineberg, Michael",,,,
"Kleinert, Jörn",,,0000-0002-1167-9245,
"Klemstein, Franziska",,,0000-0003-3137-6732,
"Klemstein, Franziska",,,,
"Kleymann, Rabea",,,0000-0003-3856-2685,
"Kleymann, Rabea",,,0000-0003-3856-2685,
"Kleymann, Rabea",,,,
"Kleymann, Rabea",,,,
"Kleymann, Rabea",,,,
"Kliche, Fritz",,,,
"Klindt, Marco",,,0000-0001-5198-2225,
"Klinger, Roman",,,,
"Klinger, Roman",,,,
"Klinke, Harald",,,,
"Klinker, Fabian",,,,
"Klomfaß, Vanessa",,,,
"Kloser, Peter",,,,
"Klug, Helmut",,,,
"Klug, Helmut W.",,,,
"Klug, Helmut W.",,,,
"Klug, Helmut W.",,,,
"Klug, Helmut W.",,,,
"Klug, Helmut W.",,,,
"Klugseder, Robert",,,,
"Klusik-Eckert, Jacqueline",,,,
"Knauth, Jürgen",,,,
"Knecht, David",,,,
"Knierim, Aenne",,,,
"Knoth, Alexander",,,,
"Koch, Carina",,,,
"Koch, Carina",,,,
"Koch, Gertraud",,,0000-0002-2457-3335,
"Koch, Gertraud",,,0000-0002-2457-3335,
"Koch, Gertraud",,,,
"Koch, Gertraud",,,,
"Koch, Gertraud",,,,
"Koch, Julia",,,,
"Koch, Steffen",,,,
"Koch, Steffen",,,,
"Koch, Steffen",,,,
"Koeva, Svetla",,,,
"Koglin, Lydia",,,,
"Kohl, Linus",,,,
"Kohle, Hubertus",,,0000-0003-3162-1304,
"Kohle, Hubertus",,,0000-0003-3162-1304,
"Kohle, Hubertus",,,,
"Kohle, Hubertus",,,,
"Köhler, Joachim",,,,
"Köhler, Werner",,,,
"Köhring, Esther",,,,
"Kolbe, Ines",,,,
"Kollatz, Thomas",,,0000-0003-1904-1841,
"Kollatz, Thomas",,,,
"Kollatz, Thomas",,,,
"Kollatz, Thomas",,,,
"Kollatz, Thomas",,,,
"Koller, Barbara",,,,
"Kölligan, Daniel",,,,
"Kolodzie, Lisa",,,,
"Koncar, Philipp",,,,
"König, Mareike",,,0000-0002-8189-8574,
"König, Mareike",,,0000-0002-8189-8574,
"König, Mareike",,,,
"König, Mareike",,,,
"König, Mareike",,,,
"König, Sandra",,,0000-0002-0615-0523,
"König, Sandra",,,0000-0002-0615-0523,
"Konle, Leonard",,,0000-0001-5833-0414,
"Konle, Leonard",,,0000-0001-5833-0414,
"Konle, Leonard",,,0000-0001-5833-0414,
"Konle, Leonard",,,,
"Konle, Leonard",,,,
"Konle, Leonard",,,,
"Konle, Leonard",,,,
"Konle, Leonard",,,,
"Konrad, Tobias",,,,
"Konstanciak, Johanna",,,0000-0003-0159-6144,
"Körber, Lydia",,,0000-0002-8937-3799,
"Körfer, Anna-Lena",,,0000-0002-1644-5042,
"Körner, Erik",,,0000-0002-5639-6177,
"Körner, Fabian",,,,
"Korwisi, Kristof",,,,
"Kościelniak, Marta",,,0009-0005-7840-1271,
"Koslitz, Sebastian",,,,
"Kösser, Sylwia",,,,
"Köster, Jan",,,0000-0003-2713-5207,
"Köther, Felix",,,0000-0002-6432-1431,
"Kou-Herrema, Tianyi",,,0000-0001-6630-366X,
"Koumpis, Adamantios",,,,
"Kovacs, Tamas",,,,
"Kraft, Anneli",,,,
"Kraft, Tobias",,,,
"Kraft, Tobias",,,,
"Krämer, Sybille",,,,
"Kramski, Heinz Werner",,,,
"Kraneiß, Natalie",,,0000-0003-3584-285X,
"Krause, Celia",,,0000-0002-4448-230X,
"Krause, Thomas",,,,
"Krause, Thomas",,,,
"Krautter, Benjamin",,,0000-0003-1804-7520,
"Krautter, Benjamin",,,,
"Krautter, Benjamin",,,,
"Krautter, Benjamin",,,,
"Krautter, Benjamin",,,,
"Krautter, Benjamin",,,,
"Krautter, Benjamin",,,,
"Krautter, Benjamin",,,,
"Krautter, Benjamin",,,,
"Krech, Volker",,,,
"Krech, Volkhard",,,,
"Krefeld, Thomas",,,,
"Krefft, Annett",,,,
"Kreiseler, Sarah",,,,
"Krek, Simon",,,,
"Kremer, Dominik",,,,
"Kremer, Gerhard",,,,
"Kremer, Gerhard",,,,
"Kremer, Gerhard",,,,
"Kremer, Gerhard",,,,
"Kreß, Hannah",,,,
"Krestel, Ralf",,,0000-0002-5036-8589,
"Kretschmer, Uwe",,,0000-0002-3685-6519,
"Kreutel, Jörn",,,,
"Kreuzmair, Elias",,,0000-0003-0652-4748,
"Krewet, Michael",,,0000-0001-7807-6089,
"Krewet, Michael",,,,
"Krewet, Michael",,,,
"Krishnan, Aravind",,,,
"Kristen, Maximilian",,,0009-0008-3929-337X,
"Kristen, Maximilian",,,,
"Kröber, Cindy",,,,
"Kröber, Cindy",,,,
"Kröber, Cindy",,,,
"Kroeber, Cindy",,,,
"Kröger, Bärbel",,,0000-0001-7179-6438,
"Kröger, Bärbel",,,,
"Kröger, Bärbel",,,,
"Krömer, Cora",,,,
"Kröncke, Merten",,,0000-0003-2717-0598,
"Kröncke, Merten",,,0000-0003-2717-0598,
"Kröncke, Merten",,,0000-0003-2717-0598,
"Kronenwett, Simone",,,,
"Kronenwett, Simone",,,,
"Kronenwett, Simone",,,,
"Krotova, Elena",,,,
"Krug, Markus",,,,
"Krug, Markus",,,,
"Krug, Markus",,,,
"Krug, Markus",,,,
"Krug, Markus",,,,
"Krug, Markus",,,,
"Krug, Markus",,,,
"Krug, Markus",,,,
"Krügel, André",,,,
"Krüger, Katharina",,,,
"Krüger, Katharina",,,,
"Krüger, Katharina",,,,
"Kruhl, Dominik",,,,
"Kruse, Carl",,,,
"Krusic, Lucija",,,,
"Küchenhoff, Helmut",,,,
"Kuczera, Andreas",,,0000-0003-1020-507X,
"Kuczera, Andreas",,,,
"Kuczera, Andreas",,,,
"Kuczera, Andreas",,,,
"Kuczera, Andreas",,,,
"Kuczera, Andreas",,,,
"Kuczera, Andreas",,,,
"Kuczera, Andreas",,,,
"Kuczera, Andreas",,,,
"Kudella, Christoph",,,0000-0002-9645-7122,
"Kudella, Christoph",,,0000-0002-9645-7122,
"Kudera, Jacek",,,0000-0003-3678-1067,
"Kuhn, Jonas",,,,
"Kuhn, Jonas",,,,
"Kuhn, Jonas",,,,
"Kuhn, Jonas",,,,
"Kuhn, Jonas",,,,
"Kuhn, Jonas",,,,
"Kuhn, Jonas",,,,
"Kuhn, Jonas",,,,
"Kühnlenz, Frank",,,,
"Kunz, Axel",,,,
"Kunze, Kristina",,,,
"Kunze, Petra",,,,
"Kunzmann, Markus",,,0000-0003-3387-1542,
"Kuper, Heinz-Günter",,,0000-0003-0743-3346,
"Kupferschmidt, Jens",,,,
"Kupietz, Marc",,,0000-0001-8997-8256,
"Kupietz, Marc",,,,
"Kurek, Sarah",,,,
"Kurmann, Eliane",,,,
"Kurmann, Eliane",,,,
"Kuroczynski, Piotr",,,0000-0001-9847-8368,
"Kuroczyński, Piotr",,,,
"Kuroczyński, Piotr",,,,
"Kuroczyński, Piotr",,,,
"Kuroczyński, Piotr",,,,
"Kuroczyński, Piotr",,,,
"Kuroczyński, Piotr",,,,
"Kurz, Stephan",,,0000-0003-2546-2570,
"Kurz, Stephan",,,0000-0003-2546-2570,
"Kurz, Stephan",,,,
"Kurz, Stephan",,,,
"Kurz, Stephan",,,,
"Kurzawe, Daniel",,,,
"Kurzawe, Daniel",,,,
"Kurzmeier, Michael",,,0000-0003-4925-5197,
"Kurzmeier, Michael",,,,
"Kushnarenko, Volodymyr",,,0000-0001-7427-2410,
"Kusnick, Jakob",,,,
"Kutzner, Kristin",,,,
"Kuzman-Šlogar, Koraljka",,,0000-0002-7810-0453,
"Kyriazis, Ilias",,,0000-0001-8958-0168,
"La Rocca, Guiseppe",,,,
"Labusch, Kai",,,0000-0002-7275-5483,
"Lahrsow, Miriam",,,,
"Lalli, Roberto",,,,
"Lambertz, Michael",,,,
"Lambertz, Michael",,,,
"Lameris, Bregt",,,,
"Lamers, Teresa",,,,
"Lamminger, Florian",,,,
"Lampert, Marcus",,,,
"Lampert, Marcus",,,,
"Landes, Florian",,,,
"Landes, Florian",,,,
"Landes, Lisa",,,,
"Landkammer, Miriam",,,,
"Lang, Christian",,,,
"Lang, Eva-Maria",,,,
"Lang, Sabine",,,,
"Lang, Sabine",,,,
"Lang, Sabine",,,,
"Lang, Sarah",,,0000-0002-4618-9481,
"Lang, Sarah",,,0000-0002-4618-9481,
"Lang, Sarah",,,0000-0002-4618-9481,
"Lang, Sarah",,,0000-0002-4618-9481,
"Lang, Sarah",,,0000-0002-4618-9481,
"Lange, Felix",,,0000-0002-3201-3792,
"Lange, Felix",,,,
"Lange, Frank",,,0000-0002-9346-6031,
"Lange, Liesen-Sophie",,,,
"Langer, Lars",,,,
"Langhanki, Florian",,,0000-0001-6043-0350,
"Langner, Martin",,,,
"Lasch, Alexander",,,0000-0003-4046-3993,
"Lashchuk, Svetlana",,,,
"Lässig, Simone",,,,
"Lassner, David",,,,
"Lassner, David",,,,
"Laubrock, Jochen",,,0000-0002-0798-8977,
"Laubrock, Jochen",,,,
"Laubrock, Jochen",,,,
"Laubrock, Jochen",,,,
"Laubrock, Jochen",,,,
"Laubrock, Jochen",,,,
"Lauer, Gerhard",,,,
"Lauer, Gerhard",,,,
"Lauer, Gerhard",,,,
"Lauer, Gerhard",,,,
"Lauer, Gerhard",,,,
"Laurioux, Bruno",,,,
"Lauscher, Anne",,,,
"Lebherz, Daniel",,,,
"Lecroq, Axelle",,,0000-0002-1562-9966,
"Lecroq, Axelle",,,0000-0002-1562-9966,
"Lecroq, Axelle",,,,
"Lee, Geumbi",,,,
"Leh, Almut",,,,
"Leh, Almut",,,,
"Lehmann, Anna",,,,
"Lehmann, Jörg",,,0000-0003-1334-9693,
"Lehmann, Robert",,,,
"Lehmberg, Timm",,,,
"Leidinger, Marie-Claire",,,,
"Lein, Richard",,,0000-0002-7502-0503,
"Leinen, Peter",,,0000-0002-3014-000X,
"Leinen, Peter",,,0000-0002-3014-000X,
"Leinen, Peter",,,0000-0002-3014-000X,
"Leinen, Peter",,,,
"Leinen, Peter",,,,
"Leitgeb, Johannes",,,,
"Leitner, Elena",,,,
"Lejtovicz, Katalin",,,,
"Lejtovicz, Katalin",,,,
"Lemaire, Marina",,,0000-0003-4726-2481,
"Lemaire, Marina",,,0000-0003-4726-2481,
"Lemaire, Marina",,,0000-0003-4726-2481,
"Lemaire, Marina",,,,
"Lemaire, Marina",,,,
"Lemaire, Marina",,,,
"Lemitz, Bastian",,,,
"Lemke, Karoline",,,0000-0002-1604-672X,
"Lemke, Karoline",,,0000-0002-1604-672X,
"Lemke, Marc",,,0009-0004-8065-8191,
"Lemke, Marc",,,0009-0004-8065-8191,
"Lemke, Matthias",,,,
"Lendvai, Piroska",,,,
"Lengyel, Dominik",,,,
"Leonhardt, Susann",,,,
"Lepper, Marcel",,,,
"Leuk, Michael",,,,
"Leymann, Frank",,,0000-0002-9123-259X,
"Leymann, Frank",,,,
"Leymann, Frank",,,,
"Leymann, Frank",,,,
"Leymann, Frank",,,,
"Leymann, Frank",,,,
"Leyrer, Katharina",,,0000-0002-3051-0621,
"Liebing, Katja",,,0009-0001-1624-6465,
"Liebl, Bernhard",,,,
"Liebl, Bernhard",,,,
"Liebl, Bernhard",,,,
"Liedtke, Clemens",,,,
"Liem, Johannes",,,0000-0001-8696-0245,
"Liem, Johannes",,,,
"Liem, Johannes",,,,
"Liesenfeld, Nina",,,,
"Limbach, Saskia",,,,
"Limbach, Saskia",,,,
"Lindemann, David",,,,
"Lindemann, Matthias",,,,
"Lindinger, Matthias",,,,
"Lindinger, Matthias",,,,
"List, Ferdinand",,,,
"Liu, Alan",,,,
"Lobin, Henning",,,,
"Löcker-Herschkowitz, Johannes A.",,,,
"Loebel, Jens-Martin",,,,
"Loebel, Jens-Martin",,,,
"Loertscher, Miriam",,,,
"Löffler, Andreas",,,,
"Loosli, Ursula",,,0000-0002-1480-315X,
"Lordick, Harald",,,0000-0002-5070-4263,
"Lordick, Harald",,,0000-0002-5070-4263,
"Lordick, Harald",,,0000-0002-5070-4263,
"Lordick, Harald",,,,
"Lordick, Harald",,,,
"Lordick, Harald",,,,
"Lordick, Harald",,,,
"Lorenz, Andrea",,,,
"Lorenz, Anne Katrin",,,,
"Losehand, Joachim",,,,
"Lu, Christopher",,,,
"Lück, Christian",,,0009-0008-0649-5127,
"Lück, Christian",,,,
"Lück, Christian",,,,
"Lucke, Alexa",,,0009-0006-2738-2864,
"Lüdeling, Anke",,,,
"Lüdeling, Anke",,,,
"Lüdeling, Anke",,,,
"Lüdeling, Anke",,,,
"Ludwig, Bernd",,,0000-0003-3599-2081,
"Luger, Daniel",,,,
"Luger, Robin",,,0009-0000-7816-015X,
"Luhmann, Jan",,,,
"Lukas, Weimer",,,,
"Lüschow, Andreas",,,,
"Lutteroth, Jan",,,,
"Lyding, Verena",,,0000-0002-2301-6860,
"Macharowsky, Luisa",,,,
"Mache, Beata",,,,
"Mache, Beata",,,,
"Maciej, Eder",,,,
"Madarasz, Nathalie",,,,
"Mahlberg, Michaela",,,,
"Mahmutovic, Edin",,,,
"Mahmutovic, Edin",,,,
"Maier, Andreas",,,,
"Maier, Andreas",,,,
"Maier, Felix Klaus",,,0000-0002-5578-723X,
"Maiwald, Anke",,,,
"Maiwald, Ferdinand",,,,
"Maiwald, Ferdinand",,,,
"Majka, Nicole",,,0000-0003-2657-0645,
"Makowski, Stephan",,,,
"Makowski, Stephan",,,,
"Mandalka, Markus",,,,
"Mandl, Thomas",,,,
"Mandl, Thomas",,,,
"Mara, Hubert",,,,
"Mara, Hubert",,,,
"Maria, Christoforaki",,,,
"Marie, Flüh",,,0000-0002-1707-284X,
"Marquart, Aron",,,,
"Marschner, Michèle",,,,
"Martin, Fechner",,,,
"Martínez Cantón, Clara",,,,
"Martini, Annett",,,,
"Marx, Michael",,,,
"Mathiak, Brigitte",,,,
"Mathiak, Brigitte",,,,
"Mathiak, Brigitte",,,,
"Mathiak, Brigitte",,,,
"Mathiak, Brigitte",,,,
"Mathiak, Brigitte",,,,
"Mathiak, Brigitte",,,,
"Mathiak, Brigitte",,,,
"Mathiak, Brigitte",,,,
"Matschinegg, Ingrid",,,,
"Matthies, Franz",,,,
"Mattner, Cosima",,,,
"Maus, David",,,0000-0001-9292-5673,
"Maus, David",,,,
"Mayer, Corinna",,,,
"Mayer, Desiree",,,0000-0003-0958-886X,
"Mayer, Manuela",,,0000-0001-5311-2864,
"Mayr, Eva",,,0000-0001-8402-5990,
"Mayr, Eva",,,0000-0001-8402-5990,
"Mayr, Eva",,,,
"Mayr, Eva",,,,
"Mayr, Eva",,,,
"Mayr, Eva",,,,
"Mayr, Eva",,,,
"Mayr, Eva",,,,
"Mayr, Eva",,,,
"Maywald, Ferdinand",,,,
"McCrae, John",,,,
"McIsaac, Peter",,,,
"Mederake, Nathalie",,,,
"Meding, Holle Ameriga",,,,
"Mehler, Alexander",,,0000-0003-2567-7539,
"Mehler, Alexander",,,,
"Mehler, Alexander",,,,
"Mehler, Alexander",,,,
"Mehler, Alexander",,,,
"Mehner, Caroline",,,,
"Meier-Vieracker, Simon",,,0000-0002-0141-9327,
"Meier-Vieracker, Simon",,,0000-0002-0141-9327,
"Meindl, Claudia",,,,
"Meindl, Martin",,,,
"Meiners, Hanna",,,,
"Meiners, Hanna-Lena",,,,
"Meins, Friedrich",,,,
"Meise, Bianca",,,,
"Meise, Bianca",,,,
"Meißner, Cordula",,,,
"Meißner, Cordula",,,,
"Meißner, Cordula",,,,
"Meister, Dorothee",,,,
"Meister, Dorothee",,,,
"Meister, Jan Christoph",,,,
"Meister, Jan Christoph",,,,
"Meister, Jan Christoph",,,,
"Meister, Jan Christoph",,,,
"Meister, Jan Christoph",,,,
"Meister, Jan Christoph",,,,
"Meister, Malte",,,0000-0002-9670-3573,
"Meister, Malte",,,0000-0002-9670-3573,
"Meister, Malte",,,0000-0002-9670-3573,
"Meister, Malte",,,0000-0002-9670-3573,
"Meister, Malte",,,,
"Mellmann, Katja",,,,
"Mende, Jana-Katharina",,,0000-0001-7433-4351,
"Menke, Ulla",,,,
"Menny, Anna",,,,
"Menzel, Sina",,,0000-0003-1798-2672,
"Menzel, Sina",,,,
"Menzel, Wolfgang",,,,
"Mersch, Isabelle",,,,
"Merten, Marie-Luis",,,,
"Mertens, Mike",,,,
"Mertgens, Andreas",,,0000-0003-4665-2226,
"Mertgens, Andreas",,,,
"Merz, Dorian",,,,
"Messemer, Heike",,,,
"Messemer, Heike",,,,
"Messemer, Heike",,,,
"Messemer, Heike",,,,
"Messerli, Thomas",,,,
"Messerli, Thomas",,,,
"Messerschmidt, Reinhard",,,,
"Messner, Stefanie",,,,
"Metzmacher, Katja",,,,
"Meyer-Sickendiek, Burkhard",,,,
"Meyer-Sickendiek, Burkhard",,,,
"Meyer, Michaela",,,,
"Meyer, Nils",,,,
"Meyer, Peter",,,,
"Meyer, Peter",,,,
"Meyer, Selina",,,,
"Meyer, Wienke Imke",,,,
"Mihm, Melanie",,,,
"Mikhaylova, Alena",,,,
"Miksch, Silvia",,,,
"Milling, Carsten",,,,
"Milling, Carsten",,,,
"Milling, Carsten",,,,
"Milling, Carsten",,,,
"Mischke, Dennis",,,0000-0001-8892-5419,
"Mischke, Dennis",,,0000-0001-8892-5419,
"Misselhorn, Catrin",,,,
"Mitschunas, Johannes",,,0009-0004-3579-1399,
"Mittelberg, Irene",,,,
"Möbus, Dennis",,,0009-0008-9064-7460,
"Möbus, Dennis",,,0009-0008-9064-7460,
"Möbus, Dennis",,,,
"Möbus, Dennis",,,,
"Moeller, Katrin",,,0000-0003-4090-5667,
"Moeller, Katrin",,,,
"Moeller, Katrin",,,,
"Moeller, Katrin",,,,
"Moeller, Katrin",,,,
"Moeller, Katrin",,,,
"Moeller, Katrin",,,,
"Moisich, Oliver",,,,
"Molitor, Paul",,,,
"Mollenhauer, Elisabeth",,,0000-0001-8034-7191,
"Mollenhauer, Elisabeth",,,0000-0001-8034-7191,
"Möller, Katrin",,,0000-0003-4090-5667,
"Möller, Klaus-Peter",,,,
"Möller, Klaus-Peter",,,,
"Molz, Johannes",,,,
"Molz, Johannes",,,,
"Mölzer, Wiltrud",,,0009-0002-9517-4531,
"Monachini, Monica",,,,
"Mondaca, Francisco",,,,
"Mondaca, Francisco",,,,
"Mondaca, Francisco",,,,
"Morbindoni, Christian",,,,
"More, Jacqueline",,,,
"Moreno Schneider, Julian",,,,
"Morgenstern, Anja",,,,
"Morik, Katharina",,,,
"Morik, Katharina",,,,
"Mörth, Karlheinz",,,,
"Mosch, Marc",,,,
"Moulin, Claudine",,,0000-0001-8091-3456,
"Mrugalski, Michał",,,,
"Muehlberger, Guenter",,,,
"Mueller, Mathias",,,,
"Muenster, Sander",,,,
"Muessemann, Hannah",,,,
"Mühleder, Peter",,,0000-0001-6593-5673,
"Mühleder, Peter",,,0000-0001-6593-5673,
"Mühleder, Peter",,,,
"Mühlschlegel, Ulrike",,,,
"Mukhametov, Sergey",,,,
"Müller-Birn, Claudia",,,,
"Müller-Birn, Claudia",,,,
"Müller-Birn, Claudia",,,,
"Müller-Birn, Claudia",,,,
"Müller-Budack, Eric",,,0000-0002-6802-1241,
"Müller-Dannhausen, Lea",,,,
"Müller-Laackman, Jonas",,,0000-0003-2279-6751,
"Müller-Laackman, Jonas",,,0000-0003-2279-6751,
"Müller-Laackman, Jonas",,,,
"Müller-Laackman, Jonas",,,,
"Müller-Lietzkow, Jörg",,,,
"Müller-Tamm, Jutta",,,,
"Müller, Andreas",,,,
"Müller, Andreas",,,,
"Müller, Andreas",,,,
"Müller, Andreas",,,,
"Müller, Andreas",,,,
"Müller, Anja",,,0000-0003-3185-7341,
"Müller, Christiane",,,0000-0003-2009-6882,
"Müller, Gerhard",,,,
"Müller, Lars",,,,
"Müller, Lydia",,,,
"Müller, Maike",,,,
"Müller, Melissa",,,,
"Müller, Melissa",,,,
"Müller, Michael",,,,
"Müller, Sophie",,,,
"Müller, Stefan",,,,
"Müller, Stefan",,,,
"Münnich, Stefan",,,,
"Münster, Sander",,,0000-0001-9344-912X,
"Münster, Sander",,,,
"Münster, Sander",,,,
"Münster, Sander",,,,
"Münster, Sander",,,,
"Münster, Sander",,,,
"Münster, Sander",,,,
"Münster, Sander",,,,
"Münster, Sander",,,,
"Münster, Sander",,,,
"Münster, Sander",,,,
"Münzer, Leona Elisabeth",,,0009-0002-7170-8340,
"Münzmay, Andreas",,,0000-0002-8373-4055,
"Münzmay, Andreas",,,0000-0002-8373-4055,
"Murphy, Órla",,,,
"Murr, Sandra",,,,
"Murr, Sandra",,,,
"Murr, Sandra",,,,
"Naegle, Sibylle",,,,
"Naether, Franziska",,,0000-0003-4652-6836,
"Naether, Franziska",,,0000-0003-4652-6836,
"Naether, Franziska",,,0000-0003-4652-6836,
"Näger, Paul M.",,,0000-0002-0251-2531,
"Nanni, Federico",,,,
"Nantke, Julia",,,0000-0002-8037-1009,
"Nantke, Julia",,,0000-0002-8037-1009,
"Nantke, Julia",,,0000-0002-8037-1009,
"Nantke, Julia",,,0000-0002-8037-1009,
"Nantke, Julia",,,0000-0002-8037-1009,
"Nantke, Julia",,,,
"Nantke, Julia",,,,
"Nantke, Julia",,,,
"Nantke, Julia",,,,
"Nasarek, Robert",,,0000-0003-1163-8504,
"Nasarek, Robert",,,,
"Nasarek, Robert",,,,
"Nasarek, Robert",,,,
"Natale, Enrico",,,,
"Natale, Enrico",,,,
"Navigli, Roberto",,,,
"Necker, Gerold",,,,
"Neitzke, Thorben",,,,
"Nellen, Stefan",,,,
"Neovesky, Anna",,,,
"Nepfer, Matthias",,,,
"Neubauer, Susanne",,,,
"Neuber, Frederike",,,0000-0001-8279-9298,
"Neuber, Frederike",,,0000-0001-8279-9298,
"Neuber, Frederike",,,0000-0001-8279-9298,
"Neuber, Frederike",,,0000-0001-8279-9298,
"Neuber, Frederike",,,0000-0001-8279-9298,
"Neuber, Frederike",,,0000-0001-8279-9298,
"Neuber, Frederike",,,,
"Neuber, Frederike",,,,
"Neuber, Frederike",,,,
"Neuber, Frederike",,,,
"Neubert, Anna",,,,
"Neubert, Anna",,,,
"Neudecker, Clemens",,,0000-0001-5293-8322,
"Neudecker, Clemens",,,0000-0001-5293-8322,
"Neudecker, Clemens",,,0000-0001-5293-8322,
"Neudecker, Clemens",,,,
"Neudecker, Clemens",,,,
"Neudecker, Clemens",,,,
"Neudecker, Clemens",,,,
"Neuefeind, Claes",,,0000-0002-9377-9492,
"Neuefeind, Claes",,,,
"Neuefeind, Claes",,,,
"Neuefeind, Claes",,,,
"Neuefeind, Claes",,,,
"Neuefeind, Claes",,,,
"Neuefeind, Claes",,,,
"Neuefeind, Claes",,,,
"Neuefeind, Claes",,,,
"Neugebauer, David",,,,
"Neumann, Gerald",,,,
"Neumann, Katrin",,,,
"Neumann, Katrin",,,,
"Neumann, Katrin",,,,
"Neuroth, Heike",,,,
"Nicholson, Daniel J.",,,,
"Nicka, Isabella",,,,
"Nicka, Isabella",,,,
"Nickl, Miriam",,,,
"Nicolaou, Anguelos",,,,
"Niebes, Kai Michael",,,,
"Niebling, Florian",,,,
"Niebling, Florian",,,,
"Niebling, Florian",,,,
"Niebling, Florian",,,,
"Niebling, Florian",,,,
"Niebling, Florian",,,,
"Niebling, Florian",,,,
"Nieden, Gesa zur",,,,
"Niekler, Andreas",,,0000-0002-3036-3318,
"Niekler, Andreas",,,0000-0002-3036-3318,
"Niekler, Andreas",,,,
"Niekler, Andreas",,,,
"Nieländer, Maret",,,0000-0002-5972-6362,
"Nieländer, Maret",,,,
"Niemann, Klara",,,,
"Niewöhner, Laura Maria",,,,
"Nitsche, Stephanie",,,0000-0003-1624-896X,
"Noichl, Maximilian",,,0000-0003-4518-0837,
"Noichl, Maximilian",,,,
"Normann, Immanuel",,,0000-0003-4702-1282,
"Normann, Immanuel",,,0000-0003-4702-1282,
"Normann, Immanuel",,,0000-0003-4702-1282,
"Normann, Immanuel",,,,
"Nowakowski, Matthias",,,,
"Nowicki, Anna-Lena",,,0000-0003-2323-5681,
"Noyer, Frédéric",,,,
"Núñez, Alexandra",,,,
"Nunn, Christopher",,,0000-0001-7208-8636,
"Nussmüller, Antonia",,,,
"Nyhan, Julianne",,,0000-0002-4998-1757,
"O'Sullivan, James",,,,
"Oberbichler, Sarah",,,0000-0002-1031-2759,
"Oberbichler, Sarah",,,,
"Oberhoff, Andreas",,,,
"Oberthür, Simon",,,,
"Odebrecht, Carolin",,,0000-0003-4887-7701,
"Odebrecht, Carolin",,,0000-0003-4887-7701,
"Odebrecht, Carolin",,,,
"Odebrecht, Carolin",,,,
"Odebrecht, Carolin",,,,
"Offenberg, Eva",,,,
"Offert, Fabian",,,,
"Offert, Fabian",,,,
"Oliveira Ares, Sofia",,,,
"Ommer, Björn",,,,
"Orlova, Tatyana",,,,
"Orth, Dominik",,,,
"Ortloff, Anna-Marie",,,,
"Osburg, Lilly",,,0000-0003-4013-9317,
"Osburg, Lilly",,,0000-0003-4013-9317,
"Ott, Carolin",,,,
"Ott, Katrin",,,,
"Ourednik, André",,,,
"Over, Berthold",,,,
"Overbeck, Maximilian",,,,
"Overbeck, Maximilian",,,,
"Özsoy, Ömer",,,,
"Pado, Sebastian",,,,
"Padó, Sebastian",,,,
"Pagel, Janis",,,0000-0003-4370-1483,
"Pagel, Janis",,,0000-0003-4370-1483,
"Pagel, Janis",,,,
"Pagel, Janis",,,,
"Pagel, Janis",,,,
"Pagel, Janis",,,,
"Pagel, Janis",,,,
"Pagel, Janis",,,,
"Pagenstecher, Cord",,,,
"Pagenstecher, Cord",,,,
"Palchikov, German",,,,
"Pannach, Franziska",,,,
"Pannach, Franziska",,,,
"Panzer, Lukas",,,,
"Park, Yohan",,,,
"Parlitz, Dietrich",,,,
"Passecker, Markus",,,,
"Pattee, Aaron",,,,
"Pattee, Aaron",,,,
"Pause, Johannes",,,,
"Pause, Johannes",,,,
"Pause, Johannes",,,,
"Pechlivanos, Miltos",,,,
"Pedersen, Bolette S.",,,,
"Pektor, Katharina",,,0000-0002-1726-3187,
"Pernes, Stefan",,,,
"Pernes, Stefan",,,,
"Persch, Dana",,,,
"Pestov, Paul",,,0000-0001-6093-572X,
"Peter, Leinen",,,0000-0002-3014-000X,
"Peter, Ulrike",,,0000-0003-0954-4322,
"Peterek, Christoph",,,,
"Petersen Frey, Fynn",,,0000-0001-6450-8100,
"Petersen-Frey, Fynn",,,0000-0001-6450-8100,
"Petersen-Frey, Fynn",,,0000-0001-6450-8100,
"Petersen, Britta",,,0000-0002-0355-2594,
"Petersen, Wiebke",,,,
"Petkov, Radoslav",,,,
"Petkov, Radoslav",,,,
"Petras, Vivien",,,0000-0002-8113-1509,
"Petras, Vivien",,,,
"Petris, Marco",,,,
"Petris, Marco",,,,
"Petris, Marco",,,,
"Petris, Marco",,,,
"Petris, Marco",,,,
"Peukert, Hagen",,,,
"Pfahler, Lukas",,,,
"Pfahler, Lukas",,,,
"Pfarr-Harfst, Mieke",,,,
"Pfarr-Harfst, Mieke",,,,
"Pfarr-Harfst, Mieke",,,,
"Pfeffer, Magnus",,,0000-0002-2141-6721,
"Pfeifer, Ulrike",,,,
"Pfeiffer, Jasmin",,,,
"Pfeiffer, Jasmin",,,,
"Pfeil, Patrick",,,,
"Pfeil, Patrick",,,,
"Philipp, Vanscheidt",,,,
"Pia, Hofman",,,,
"Pichler, Alois",,,,
"Pichler, Alois",,,,
"Pichler, Axel",,,,
"Pichler, Axel",,,,
"Pichler, Axel",,,,
"Pichler, Axel",,,,
"Pichler, Axel",,,,
"Pichler, Axel",,,,
"Pichler, Axel",,,,
"Pidd, Michael",,,,
"Piel, Pattrick",,,0000-0001-5809-2815,
"Pielström, Steffen",,,0000-0003-1016-2911,
"Pielström, Steffen",,,0000-0003-1016-2911,
"Pielström, Steffen",,,0000-0003-1016-2911,
"Pielström, Steffen",,,0000-0003-1016-2911,
"Pielström, Steffen",,,,
"Pielström, Steffen",,,,
"Pielström, Steffen",,,,
"Pielström, Steffen",,,,
"Pielström, Steffen",,,,
"Pielström, Steffen",,,,
"Pielström, Steffen",,,,
"Pietsch, Andreas",,,,
"Pietsch, Christopher",,,0000-0001-8371-4161,
"Pietsch, Christopher",,,,
"Pilsl, Florian",,,,
"Piontkowitz, Vera",,,0000-0003-3605-3609,
"Piontkowitz, Vera",,,0000-0003-3605-3609,
"Piotrowski, Michael",,,,
"Pirgruber, Reinhard",,,,
"Pittroff, Sarah",,,,
"Plakidis, Melina",,,,
"Plaksin, Anna",,,,
"Pöckelmann, Marcus",,,0000-0001-8718-1198,
"Pöckelmann, Marcus",,,,
"Pöckelmann, Marcus",,,,
"Pöckelmann, Marcus",,,,
"Pöckelmann, Marcus",,,,
"Poetis, Panoria",,,,
"Poggel, Lisa",,,0000-0003-1051-8148,
"Pohl, Oliver",,,,
"Pohl, Oliver",,,,
"Pohl, Oliver",,,,
"Poirier, Corentin",,,,
"Pollin, Christopher",,,0000-0002-4879-129X,
"Pollin, Christopher",,,0000-0002-4879-129X,
"Pollin, Christopher",,,,
"Pollin, Christopher",,,,
"Pollin, Christopher",,,,
"Pons, Jessie",,,0000-0003-1211-2213,
"Pons, Jessie",,,0000-0003-1211-2213,
"Ponzetto, Simone Paolo",,,,
"Popp, Christian",,,,
"Popp, Christian",,,,
"Popp, Stefanie",,,,
"Porada, Stephan",,,,
"Porta-Zamorano, Jordi",,,,
"Posthumus, Etienne",,,,
"Pourtskhvanidze, Zakharia",,,,
"Prager, Christian",,,,
"Prager, Christian",,,,
"Prager, Christian",,,,
"Prager, Christian",,,,
"Pratschke, Margarete",,,,
"Pravida, Dietmar",,,,
"Prechel, Doris",,,,
"Prell, Martin",,,0000-0003-3152-6542,
"Prell, Martin",,,0000-0003-3152-6542,
"Prell, Martin",,,,
"Prell, Martin",,,,
"Preuß, Tanja",,,,
"Primavesi, Patrick",,,,
"Primavesi, Patrick",,,,
"Probst, Nora",,,0000-0001-6932-0879,
"Probst, Nora",,,0000-0001-6932-0879,
"Probst, Nora",,,,
"Probst, Stefan",,,,
"Proisl, Thomas",,,,
"Proisl, Thomas",,,,
"Proisl, Thomas",,,,
"Proisl, Thomas",,,,
"Puppe, Frank",,,,
"Puppe, Frank",,,,
"Puppe, Frank",,,,
"Puppe, Frank",,,,
"Puppe, Frank",,,,
"Puppe, Frank",,,,
"Puppe, Frank",,,,
"Puppe, Frank",,,,
"Puppe, Frank",,,,
"Puren, Marie",,,,
"Purschwitz, Anne",,,0000-0002-2754-8792,
"Purschwitz, Anne",,,0000-0002-2754-8792,
"Purschwitz, Anne",,,0000-0002-2754-8792,
"Purschwitz, Anne",,,,
"Raaf, Manuel",,,,
"Rabus, Achim",,,0000-0002-5366-1430,
"Raddatz, Nadine",,,0009-0001-2533-4029,
"Radisch, Erik",,,,
"Radisch, Erik",,,,
"Radisch, Erik",,,,
"Radisch, Erik",,,,
"Radisch, Erik",,,,
"Radisch, Erik",,,,
"Radmacher, Emilia",,,,
"Rafiyenko, Dariya",,,,
"Rahman, Zead",,,,
"Rahnama, Javad",,,,
"Rainer, Simon",,,,
"Rämisch, Florian",,,,
"Rapp, Andrea",,,0000-0003-4933-4397,
"Rapp, Andrea",,,,
"Rapp, Andrea",,,,
"Rapp, Andrea",,,,
"Rapp, Andrea",,,,
"Raspe, Martin",,,,
"Raspe, Martin",,,,
"Rastinger, Nina",,,,
"Rastinger, Nina C.",,,0000-0002-3235-5063,
"Rastinger, Nina C.",,,0000-0002-3235-5063,
"Rastinger, Nina C.",,,,
"Rastinger, Nina Claudia",,,,
"Rath, Brigitte",,,0000-0003-0969-6297,
"Rau, Felix",,,0000-0003-4167-0601,
"Rau, Felix",,,0000-0003-4167-0601,
"Rau, Felix",,,0000-0003-4167-0601,
"Rau, Felix",,,0000-0003-4167-0601,
"Rau, Felix",,,,
"Rau, Felix",,,,
"Rau, Felix",,,,
"Rau, Felix",,,,
"Rau, Felix",,,,
"Rau, Felix",,,,
"Raunig, Elisabeth",,,,
"Raunig, Elisabeth",,,,
"Raunig, Michael",,,,
"Rausch, Alexandre",,,,
"Rebiger, Bill",,,,
"Rebiger, Bill",,,,
"Rebora, Simone",,,,
"Rebora, Simone",,,,
"Recker-Hamm, Ute",,,,
"Regeler, Lukas Nils",,,0000-0003-3659-2055,
"Reger, Isabella",,,,
"Reger, Isabella",,,,
"Reger, Isabella",,,,
"Reger, Isabella",,,,
"Reger, Isabella",,,,
"Reger, Isabella",,,,
"Reger, Isabella",,,,
"Rehbein, Malte",,,,
"Rehbein, Malte",,,,
"Rehbein, Malte",,,,
"Rehm, Georg",,,0000-0002-7800-1893,
"Rehm, Georg",,,,
"Rehman, Misbahur",,,,
"Reichel, Uwe",,,,
"Reichen, Roland",,,0000-0002-2969-9009,
"Reichert, Emma Sophie",,,,
"Reichert, Nils",,,,
"Reimann, Anna",,,0000-0001-8225-7851,
"Reimer, Eva",,,,
"Reimer, Nils",,,,
"Reiners-Selbach, Stefan",,,,
"Reiners, Stefan",,,,
"Reinert, Matthias",,,,
"Reinöhl, Uta",,,,
"Reinthal, Angela",,,,
"Reißer, Alexandra",,,,
"Reiter, Nils",,,0000-0003-3193-6170,
"Reiter, Nils",,,0000-0003-3193-6170,
"Reiter, Nils",,,0000-0003-3193-6170,
"Reiter, Nils",,,0000-0003-3193-6170,
"Reiter, Nils",,,0000-0003-3193-6170,
"Reiter, Nils",,,0000-0003-3193-6170,
"Reiter, Nils",,,,
"Reiter, Nils",,,,
"Reiter, Nils",,,,
"Reiter, Nils",,,,
"Reiter, Nils",,,,
"Reiter, Nils",,,,
"Reiter, Nils",,,,
"Reiter, Nils",,,,
"Reiter, Nils",,,,
"Reiter, Nils",,,,
"Reiter, Nils",,,,
"Reiter, Nils",,,,
"Reiter, Nils",,,,
"Remus, Steffen",,,,
"Renje, Elena",,,,
"Rensinghoff, Berenike",,,,
"Resch, Claudia",,,0000-0001-8066-7363,
"Resch, Claudia",,,0000-0001-8066-7363,
"Resch, Claudia",,,,
"Resch, Claudia",,,,
"Resch, Claudia",,,,
"Resch, Claudia",,,,
"Rettinger, Achim",,,0000-0003-4950-1167,
"Rettinghaus, Klaus",,,0000-0003-1898-2543,
"Rettinghaus, Klaus",,,,
"Rettinghaus, Klaus",,,,
"Rettinghaus, Klaus",,,,
"Rettinghaus, Klaus",,,,
"Reuhl, Elisabeth",,,,
"Reul, Christian",,,0000-0002-1776-1469,
"Reul, Christian",,,0000-0002-1776-1469,
"Reul, Christian",,,0000-0002-1776-1469,
"Reul, Christian",,,0000-0002-1776-1469,
"Reul, Christian",,,,
"Reul, Christian",,,,
"Reul, Christian",,,,
"Reul, Christian",,,,
"Reul, Christian",,,,
"Reul, Christian",,,,
"Reul, Christian",,,,
"Reul, Christian",,,,
"Rezania, Kianoosh",,,,
"Richter, Eike",,,,
"Richter, Matthias",,,,
"Richter, Sandra",,,,
"Richter, Sandra",,,,
"Richter, Sandra",,,,
"Richts-Matthaei, Kristina",,,0000-0001-8569-1995,
"Richts, Kristina",,,,
"Riechert, Thomas",,,,
"Ries, Thorsten",,,0009-0004-1112-8410,
"Rind-Pawlowski, Monika",,,,
"Ripoll, Elodie",,,0000-0003-4782-769X,
"Risse, Benjamin",,,,
"Rißler-Pipka, Nanette",,,0000-0002-0719-9003,
"Rißler-Pipka, Nanette",,,0000-0002-0719-9003,
"Rißler-Pipka, Nanette",,,0000-0002-0719-9003,
"Rißler-Pipka, Nanette",,,,
"Rißler-Pipka, Nanette",,,,
"Rißler-Pipka, Nanette",,,,
"Rißler-Pipka, Nanette",,,,
"Rißler-Pipka, Nanette",,,,
"Ritter, Jörg",,,,
"Ritter, Xenia",,,0009-0009-7937-6580,
"Rittershaus, David",,,,
"Rockenberger, Annika",,,,
"Roeder, Torsten",,,0000-0001-7043-7820,
"Roeder, Torsten",,,0000-0001-7043-7820,
"Roeder, Torsten",,,0000-0001-7043-7820,
"Roeder, Torsten",,,0000-0001-7043-7820,
"Roeder, Torsten",,,,
"Roeder, Torsten",,,,
"Roeder, Torsten",,,,
"Roeder, Torsten",,,,
"Roeder, Torsten",,,,
"Roeder, Torsten",,,,
"Roeder, Torsten",,,,
"Rohe, Jonas",,,0009-0002-8541-8520,
"Rohe, Jonas",,,0009-0002-8541-8520,
"Rohe, Jonas",,,0009-0002-8541-8520,
"Rohrbacher, Imelda",,,0000-0003-2198-4478,
"Röhrer, Ines",,,,
"Röhrer, Ines",,,,
"Rojas Castro, Antonio",,,,
"Rok, Cora",,,,
"Roller, Ramona",,,,
"Rolshoven, Jürgen",,,,
"Rolshoven, Jürgen",,,,
"Romanello, Matteo",,,,
"Romanello, Matteo",,,,
"Romary, Laurent",,,,
"Röpke, Jörg",,,0000-0002-1575-6105,
"Rosenberg, Raphael",,,,
"Rosendahl, Lisa",,,0000-0002-4826-4553,
"Rosenkötter, Martha",,,,
"Rosenthal, Maximilian",,,,
"Rosenthaler, Lukas",,,,
"Rosenthaler, Lukas",,,,
"Rössel, Julia",,,,
"Rossenova, Lozana",,,0000-0002-5190-1867,
"Rossenova, Lozana",,,0000-0002-5190-1867,
"Roth, Martin",,,0000-0002-0838-1034,
"Röttgermann, Julia",,,0000-0002-1918-8117,
"Röttgermann, Julia",,,0000-0002-1918-8117,
"Röttgermann, Julia",,,0000-0002-1918-8117,
"Röttgermann, Julia",,,0000-0002-1918-8117,
"Rouxel, Lennart",,,0009-0007-6653-1954,
"Röwenstrunk, Daniel",,,0000-0001-6271-2095,
"Röwenstrunk, Daniel",,,0000-0001-6271-2095,
"Rücker, Michaela",,,,
"Rücker, Michaela",,,,
"Rüdiger, Jan Oliver",,,,
"Rüdiger, Jan Oliver",,,,
"Rüdiger, Jan Oliver",,,,
"Rühse, Viola",,,0000-0003-4958-8549,
"Ruiz Fabo, Pablo",,,,
"Rumpolt, Peter",,,,
"Rupnig, Martin",,,,
"Ruppenhofer, Josef",,,,
"Ruth, Nicolas",,,,
"Sack, Harald",,,,
"Saef, Nasrin",,,,
"Sagadin, Suzana",,,,
"Sahle, Patrick",,,0000-0002-8648-2033,
"Sahle, Patrick",,,0000-0002-8648-2033,
"Sahle, Patrick",,,,
"Sahle, Patrick",,,,
"Sahle, Patrick",,,,
"Sahle, Patrick",,,,
"Sahle, Patrick",,,,
"Sahle, Patrick",,,,
"Salgaro, Massimo",,,,
"Samoilova, Evgenia",,,0000-0003-3858-901X,
"Samsinger, Linda",,,0009-0004-6133-8790,
"Samushia, Lela",,,,
"Sander, Ruth",,,0009-0008-3678-9070,
"Sargsian, Hasmik",,,,
"Saric, Sanja",,,0000-0002-0802-6999,
"Saric, Sanja",,,,
"Saric, Sanja",,,,
"Sauer, Philipp",,,0009-0002-6251-1888,
"Sauter, Corinna",,,,
"Schaal, Gary",,,,
"Schaeben, Marcel",,,,
"Schäfer, Felix",,,,
"Schäfer, Lisa",,,,
"Schaßan, Torsten",,,0000-0002-8902-4775,
"Schaßan, Torsten",,,,
"Schaßan, Torsten",,,,
"Schaßan, Torsten",,,,
"Schaßan, Torsten",,,,
"Schäuble, Joshua",,,,
"Schauffler, Nadja",,,,
"Scheel, Christian",,,0000-0002-9718-690X,
"Schelbert, Georg",,,0000-0002-7314-8589,
"Schelbert, Georg",,,0000-0002-7314-8589,
"Schelbert, Georg",,,,
"Schelbert, Georg",,,,
"Schelbert, Georg",,,,
"Schellhammer, Stefan",,,0000-0001-9954-7695,
"Scheltjens, Werner",,,0000-0002-5209-9052,
"Schembera, Björn",,,,
"Schenk, Nicolas",,,0000-0003-1733-9601,
"Schenk, Torsten",,,,
"Schenkel, Ralf",,,0000-0001-5379-5191,
"Schennach, Stephanie",,,,
"Scherbaum, Stefan",,,0000-0002-4408-6016,
"Scherer, Thomas",,,0000-0002-6746-2803,
"Scherer, Thomas",,,,
"Scherl, Magdalena",,,,
"Scherrer, Yves",,,,
"Schetinger, Victor",,,,
"Scheuermann, Gerik",,,,
"Scheuermann, Leif",,,,
"Scheuermann, Leif",,,,
"Scheurer, Patricia",,,,
"Schiel, Florian",,,,
"Schildkamp, Philip",,,,
"Schildkamp, Philip",,,,
"Schildkamp, Philip",,,,
"Schildkamp, Philip",,,,
"Schildkamp, Philip",,,,
"Schildt, Maria",,,,
"Schilke, Elena",,,,
"Schiller-Stoff, Sebastian",,,0000-0001-6941-113X,
"Schiller-Stoff, Sebastian David",,,0000-0001-6941-113X,
"Schilz, Andrea",,,,
"Schilz, Andrea",,,,
"Schimpf, Jonathan",,,,
"Schirmer, Miriam",,,,
"Schirra, Doris",,,,
"Schlegel, Alexa",,,,
"Schlesinger, Claus-Michael",,,0000-0001-6718-5773,
"Schlesinger, Claus-Michael",,,,
"Schlesinger, Claus-Michael",,,,
"Schlesinger, Claus-Michael",,,,
"Schlicht, Helene",,,,
"Schlieder, Christoph",,,0000-0002-7226-8204,
"Schlimpen, Hannah",,,0000-0002-8544-3374,
"Schlögl, Matthias",,,0000-0003-1451-0987,
"Schlögl, Matthias",,,0000-0003-1451-0987,
"Schlögl, Matthias",,,,
"Schlögl, Matthias",,,,
"Schlögl, Matthias",,,,
"Schlögl, Matthias",,,,
"Schlögl, Matthias",,,,
"Schlögl, Matthias",,,,
"Schlögl, Matthias",,,,
"Schlomske-Bodenstein, Nadine",,,,
"Schloots, Franziska",,,,
"Schlör, Daniel",,,,
"Schlör, Daniel",,,,
"Schlör, Daniel",,,,
"Schlupkothen, Frederik",,,,
"Schlupkothen, Frederik",,,,
"Schmeer, Hendrik",,,,
"Schmid, Florian",,,,
"Schmid, Oliver",,,,
"Schmid, Oliver",,,,
"Schmideler, Sebastian",,,0000-0001-8276-0043,
"Schmideler, Sebastian",,,,
"Schmidt, Antje",,,,
"Schmidt, Ariane",,,,
"Schmidt, David",,,,
"Schmidt, David",,,,
"Schmidt, Frieder",,,,
"Schmidt, Johannes",,,,
"Schmidt, Thomas",,,0000-0003-3620-3355,
"Schmidt, Thomas",,,,
"Schmidt, Thomas",,,,
"Schmidt, Thomas",,,,
"Schmidt, Thomas",,,,
"Schmidt, Thomas",,,,
"Schmidt, Thomas",,,,
"Schmidt, Thomas",,,,
"Schmidt, Thomas",,,,
"Schmidt, Thomas",,,,
"Schmidt, Thomas",,,,
"Schmidt, Thomas",,,,
"Schmidt, Thomas",,,,
"Schmidt, Timo",,,,
"Schmidtbauer, Stephanie",,,,
"Schmitz, Claudia",,,,
"Schmitz, Jascha",,,0000-0002-6971-6758,
"Schmitz, Jascha",,,0000-0002-6971-6758,
"Schmitz, Jascha Merijn",,,0000-0002-6971-6758,
"Schmolenzky, Pascal",,,,
"Schmunk, Stefan",,,0000-0001-9706-9757,
"Schmunk, Stefan",,,0000-0001-9706-9757,
"Schmunk, Stefan",,,0000-0001-9706-9757,
"Schmunk, Stefan",,,,
"Schmunk, Stefan",,,,
"Schmunk, Stefan",,,,
"Schnaitter, Hannes",,,0000-0002-1602-6032,
"Schnaitter, Hannes",,,0000-0002-1602-6032,
"Schneider, Dietmar",,,,
"Schneider, Florian",,,0000-0003-4141-1415,
"Schneider, Florian",,,0000-0003-4141-1415,
"Schneider, Gerlinde",,,,
"Schneider, Gerlinde",,,,
"Schneider, Gerlinde",,,,
"Schneider, Matthias",,,,
"Schneider, Philipp",,,0000-0002-6743-8600,
"Schneider, Philipp",,,0000-0002-6743-8600,
"Schneider, Philipp",,,0000-0002-6743-8600,
"Schneider, Philipp",,,0000-0002-6743-8600,
"Schneider, Philipp",,,,
"Schneider, Roman",,,,
"Schneider, Sophie",,,0000-0002-8303-1798,
"Schneider, Sophie",,,0000-0002-8303-1798,
"Schneider, Stefanie",,,0000-0003-4915-6949,
"Schneider, Stefanie",,,0000-0003-4915-6949,
"Schneider, Stefanie",,,0000-0003-4915-6949,
"Schneider, Stefanie",,,0000-0003-4915-6949,
"Schneider, Stefanie",,,0000-0003-4915-6949,
"Schneider, Stefanie",,,,
"Schneider, Stefanie",,,,
"Schneider, Stefanie",,,,
"Schnober, Carsten",,,,
"Schnöpf, Markus",,,0000-0003-2529-8248,
"Schnöpf, Markus",,,,
"Schnöpf, Markus",,,,
"Schöch, Christof",,,0000-0002-4557-2753,
"Schöch, Christof",,,0000-0002-4557-2753,
"Schöch, Christof",,,0000-0002-4557-2753,
"Schöch, Christof",,,0000-0002-4557-2753,
"Schöch, Christof",,,0000-0002-4557-2753,
"Schöch, Christof",,,0000-0002-4557-2753,
"Schöch, Christof",,,0000-0002-4557-2753,
"Schöch, Christof",,,0000-0002-4557-2753,
"Schöch, Christof",,,,
"Schöch, Christof",,,,
"Schöch, Christof",,,,
"Schöch, Christof",,,,
"Schöch, Christof",,,,
"Schöch, Christof",,,,
"Schöch, Christof",,,,
"Schöch, Christof",,,,
"Schöch, Christof",,,,
"Schöch, Christof",,,,
"Schoepflin, Urs",,,,
"Schole, Gesa",,,,
"Scholger, Martina",,,0000-0003-1438-3236,
"Scholger, Martina",,,0000-0003-1438-3236,
"Scholger, Martina",,,0000-0003-1438-3236,
"Scholger, Martina",,,0000-0003-1438-3236,
"Scholger, Martina",,,,
"Scholger, Martina",,,,
"Scholger, Martina",,,,
"Scholger, Martina",,,,
"Scholger, Martina",,,,
"Scholger, Walter",,,0000-0002-9256-0958,
"Scholger, Walter",,,0000-0002-9256-0958,
"Scholger, Walter",,,0000-0002-9256-0958,
"Scholger, Walter",,,,
"Scholger, Walter",,,,
"Scholger, Walter",,,,
"Scholz, Martin",,,,
"Scholz, Martin",,,,
"Scholz, Martin",,,,
"Scholz, Martin",,,,
"Schomaker, Lambert",,,,
"Schöning, Kateryna",,,0000-0003-1270-4294,
"Schopper, Daniel",,,,
"Schopper, Daniel",,,,
"Schrade, Torsten",,,0000-0002-0953-2818,
"Schrade, Torsten",,,0000-0002-0953-2818,
"Schrade, Torsten",,,0000-0002-0953-2818,
"Schrade, Torsten",,,,
"Schrade, Torsten",,,,
"Schrade, Torsten",,,,
"Schrade, Torsten",,,,
"Schrade, Torsten",,,,
"Schrade, Torsten",,,,
"Schrade, Torsten",,,,
"Schreder, Günther",,,,
"Schreder, Günther",,,,
"Schreder, Günther",,,,
"Schreder, Günther",,,,
"Schreder, Günther",,,,
"Schreier, Gero",,,0000-0003-3293-9621,
"Schröder, Tobias",,,,
"Schroeder, Paul",,,,
"Schröer, Annika",,,0000-0003-2293-4093,
"Schröer, Annika",,,0000-0003-2293-4093,
"Schröter, Christian",,,0000-0003-1367-8489,
"Schröter, Julian",,,,
"Schrott, Maximilian",,,,
"Schrott, Maximilian",,,,
"Schubert, Charlotte",,,,
"Schubert, Charlotte",,,,
"Schubert, Tim",,,0009-0009-1032-9575,
"Schubert, Zoe",,,,
"Schubert, Zoe",,,,
"Schubert, Zoe",,,,
"Schüller, Daniel",,,,
"Schulte, Judith",,,,
"Schulz, Christoph",,,,
"Schulz, Daniela",,,0000-0003-3167-5089,
"Schulz, Daniela",,,,
"Schulz, Daniela",,,,
"Schulz, Daniela",,,,
"Schulz, Julian",,,0000-0003-4374-2680,
"Schulz, Julian",,,0000-0003-4374-2680,
"Schulz, Julian",,,,
"Schulz, Julian",,,,
"Schulz, Julian",,,,
"Schulz, Sarah",,,,
"Schulz, Sarah",,,,
"Schumacher, Mareike",,,0000-0002-7952-4194,
"Schumacher, Mareike",,,0000-0002-7952-4194,
"Schumacher, Mareike",,,0000-0002-7952-4194,
"Schumacher, Mareike",,,0000-0002-7952-4194,
"Schumacher, Mareike",,,0000-0002-7952-4194,
"Schumacher, Mareike",,,0000-0002-7952-4194,
"Schumacher, Mareike",,,0000-0002-7952-4194,
"Schumacher, Mareike",,,0000-0002-7952-4194,
"Schumacher, Mareike",,,,
"Schumacher, Mareike",,,,
"Schumacher, Mareike",,,,
"Schumacher, Mareike",,,,
"Schumacher, Mareike",,,,
"Schumacher, Mareike",,,,
"Schuster, Britt-Marie",,,,
"Schütz, Susanne",,,,
"Schwab, Michel",,,0000-0001-5569-6568,
"Schwaderer, Christian",,,,
"Schwandt, Silke",,,0000-0001-8303-4668,
"Schwandt, Silke",,,,
"Schwappach, Florin",,,,
"Schwarz, Anja",,,,
"Schweitzer, Frank",,,,
"Schwembacher, Manuel",,,,
"Schwengelbeck, Isabel",,,,
"Schweter, Stefan",,,,
"Schwindt, Mark",,,0000-0002-4337-2467,
"Schwindt, Mark",,,0000-0002-4337-2467,
"Schwinger, Tobias",,,,
"Scius, Anna",,,,
"Seele, Peter",,,,
"Seemann, Nina",,,,
"Seemann, Sophia",,,,
"Seidel, Henry",,,,
"Seidl, Chiara",,,,
"Seidl, Chiara",,,,
"Seifert, Sabine",,,0000-0001-9847-8245,
"Seifert, Sabine",,,,
"Seifert, Sabine",,,,
"Seifert, Sabine",,,,
"Seipel, Peter",,,,
"Seltmann, Melanie",,,0000-0002-7588-4395,
"Seltmann, Melanie",,,0000-0002-7588-4395,
"Seltmann, Melanie",,,0000-0002-7588-4395,
"Seltmann, Melanie",,,0000-0002-7588-4395,
"Seltmann, Melanie",,,,
"Seltmann, Melanie",,,,
"Seltmann, Melanie",,,,
"Seltmann, Melanie",,,,
"Seltmann, Melanie E.-H.",,,0000-0002-7588-4395,
"Seltmann, Melanie E.-H.",,,0000-0002-7588-4395,
"Seltmann, Melanie E.-H.",,,,
"Seltmann, Melanie E.-H.",,,,
"Seltmann, Melanie Elisabeth-H.",,,0000-0002-7588-4395,
"Seltmann, Melanie Elisabeth-H.",,,0000-0002-7588-4395,
"Seltmann, Melanie Elisabeth-H.",,,0000-0002-7588-4395,
"Senft, Björn",,,,
"Senft, Björn",,,,
"Sepúlveda, Pedro",,,,
"Serif, Ina",,,0000-0003-2419-4252,
"Seung-Bin, Yim",,,,
"Seuret, Mathias",,,,
"Seuret, Mathias",,,,
"Severin, Simmler",,,,
"Shaked, Shaul",,,,
"Shi-Kupfer, Kristin",,,0000-0003-2499-7047,
"Shlosman, Evgenia",,,,
"Siahdohoni, Darjush",,,,
"Siebold, Anna",,,,
"Siegert, Christine",,,,
"Siegert, Christine",,,,
"Siemund, Melanie",,,,
"Sievers, Martin",,,0000-0002-9079-8911,
"Sievers, Martin",,,,
"Sikora, Uwe",,,,
"Sikora, Uwe",,,,
"Simmler, Severin",,,,
"Simons, Arno",,,,
"Simons, Olaf",,,0000-0001-9230-4666,
"Singer, Oskar",,,,
"Sippl, Colin",,,,
"Sitter, Emilie",,,,
"Skachkova, Natalia",,,,
"Skorinkin, Daniil",,,0000-0002-1845-9974,
"Skorinkin, Daniil",,,0000-0002-1845-9974,
"Skorinkin, Daniil",,,0000-0002-1845-9974,
"Sluyter-Gäthje, Henny",,,0000-0003-2969-3237,
"Sluyter-Gäthje, Henny",,,0000-0003-2969-3237,
"Sluyter-Gäthje, Henny",,,0000-0003-2969-3237,
"Sluyter-Gäthje, Henny",,,0000-0003-2969-3237,
"Sluyter-Gäthje, Henny",,,0000-0003-2969-3237,
"Sluyter-Gäthje, Henny",,,0000-0003-2969-3237,
"Smiatek, Katharina",,,,
"Smuc, Michael",,,,
"Smuc, Michael",,,,
"Snickars, Pelle",,,,
"Sobriel, Nicole",,,,
"Soethaert, Bart",,,0000-0002-3845-605X,
"Sohmen, Lucia",,,0000-0002-2593-8754,
"Sojer, Claudia",,,,
"Sommer, Kai",,,,
"Sonnberger, Jakob",,,,
"Sonnberger, Jakob",,,,
"Söring, Sibylle",,,0000-0002-1698-3289,
"Söring, Sibylle",,,0000-0002-1698-3289,
"Söring, Sibylle",,,0000-0002-1698-3289,
"Söring, Sibylle",,,,
"Söring, Sibylle",,,,
"Söring, Sibylle",,,,
"Söring, Sibylle",,,,
"Söring, Sibylle",,,,
"Spadinger, Viktoria",,,,
"Spanner, Sebastian",,,,
"Specht, Sebastian",,,,
"Spence, Paul",,,0000-0001-9236-2727,
"Sperberg-McQueen, C. Michael",,,,
"Spiegel, Simon",,,,
"Spiekermann, Christian",,,,
"Spielberg, Marina",,,,
"Spielberg, Marina",,,,
"Sporleder, Caroline",,,0000-0002-5912-7028,
"Sporleder, Caroline",,,,
"Sporleder, Caroline",,,,
"Sporleder, Caroline",,,,
"Springmann, Uwe",,,,
"Springmann, Uwe",,,,
"Springstein, Matthias",,,0000-0002-6509-8534,
"Springstein, Matthias",,,,
"Stäcker, Thomas",,,0000-0002-1509-6960,
"Stäcker, Thomas",,,0000-0002-1509-6960,
"Stäcker, Thomas",,,,
"Stäcker, Thomas",,,,
"Stäcker, Thomas",,,,
"Stadler, Peter",,,0000-0002-2544-1481,
"Stadler, Peter",,,,
"Stadler, Peter",,,,
"Stadler, Peter",,,,
"Stadler, Peter",,,,
"Städtler, Domenic",,,0000-0001-7118-3295,
"Staecker, Thomas",,,,
"Stahn, Lena-Luise",,,0000-0003-1298-5145,
"Stahn, Lena-Luise",,,0000-0003-1298-5145,
"Stallmann, Marco",,,0000-0002-2402-3173,
"Stalter, Julian",,,0000-0003-1149-1688,
"Stampfer, Ursula",,,0000-0002-3308-7048,
"Standl, Bernhard",,,0000-0002-8849-2980,
"Stange, Jan-Erik",,,,
"Stange, Jan-Erik",,,,
"Stanicka-Brzezicka, Ksenia",,,0000-0003-2390-8903,
"Stanicka-Brzezicka, Ksenia",,,,
"Stanicka-Brzezicka, Ksenia",,,,
"Štanzel, Arnošt",,,0000-0002-4686-8185,
"Štanzel, Arnošt",,,,
"Stede, Manfred",,,,
"Stefan, Schulte",,,,
"Steffes, Moritz",,,0000-0002-4355-3209,
"Steffes, Moritz",,,0000-0002-4355-3209,
"Stegmeier, Jörn",,,,
"Stehfest, Robert Gramsch",,,0000-0001-5939-5981,
"Stein, Achim",,,,
"Stein, Christian",,,,
"Stein, Regine",,,0000-0003-3406-5104,
"Steindl, Christoph",,,0000-0002-3651-8114,
"Steindl, Christoph",,,0000-0002-3651-8114,
"Steindl, Christoph",,,0000-0002-3651-8114,
"Steiner, Christian",,,,
"Steiner, Christian",,,,
"Steiner, Christian",,,,
"Steiner, Christian",,,,
"Steiner, Elisabeth",,,,
"Steiner, Elisabeth",,,,
"Steiner, Elisabeth",,,,
"Steiner, Elisabeth",,,,
"Steiner, Elisabeth",,,,
"Steiner, Petra",,,0000-0001-8997-2620,
"Steinicke, Frank",,,,
"Steinmann, Lena",,,0000-0001-5443-0581,
"Steller, Heike",,,,
"Steller, Jonatan",,,,
"Stellmacher, Martha",,,0000-0001-5655-0130,
"Steyer, Timo",,,0000-0003-0218-2269,
"Steyer, Timo",,,0000-0003-0218-2269,
"Steyer, Timo",,,0000-0003-0218-2269,
"Steyer, Timo",,,0000-0003-0218-2269,
"Steyer, Timo",,,0000-0003-0218-2269,
"Steyer, Timo",,,0000-0003-0218-2269,
"Steyer, Timo",,,,
"Steyer, Timo",,,,
"Steyer, Timo",,,,
"Steyer, Timo",,,,
"Steyer, Timo",,,,
"Steyer, Timo",,,,
"Steyer, Timo",,,,
"Steyer, Timo",,,,
"Steyer, Timo",,,,
"Steyer, Timo",,,,
"Steyer, Timo",,,,
"Stiemer, Haimo",,,0000-0002-4407-2415,
"Stiemer, Haimo",,,0000-0002-4407-2415,
"Stiemer, Haimo",,,,
"Stigler, Hubert",,,,
"Still, Sebastian",,,,
"Still, Sebastian",,,,
"Stiller, Juliane",,,,
"Stiller, Juliane",,,,
"Stiller, Juliane",,,,
"Stiller, Juliane",,,,
"Stog, Kristina",,,,
"Stöger, Alexander",,,,
"Störiko, Johanna",,,0009-0009-3853-4757,
"Störiko, Johanna",,,,
"Stotz, Sophia",,,,
"Stotzka, Rainer",,,,
"Stratil, Jasper",,,0000-0001-9091-8410,
"Strauß, Tobias",,,,
"Strecker, Bernhard",,,,
"Strehl, Tino",,,,
"Streiter, Oliver",,,,
"Strobel, Jochen",,,0000-0002-0511-4440,
"Strobel, Jochen",,,0000-0002-0511-4440,
"Strobel, Jochen",,,,
"Ströbel, Philip",,,,
"Ströbel, Phillip",,,,
"Ströbel, Phillip Benjamin",,,0000-0003-2063-5495,
"Ströbel, Phillip Benjamin",,,0000-0003-2063-5495,
"Strobl, Maren",,,,
"Strötgen, Jannik",,,,
"Strötgen, Jannik",,,,
"Strötgen, Jannik",,,,
"Strothotte, Adrian",,,,
"Strutz, Sabrina",,,,
"Stuber, Martin",,,,
"Sturm, Katrin",,,0009-0007-1756-9526,
"Suarez Cronauer, Elena",,,0000-0002-2008-4139,
"Suárez Cronauer, Elena",,,0000-0002-2008-4139,
"Sulzbacher, Ben",,,,
"Sulzhytski, Ilya",,,,
"Süsstrunk, Sabine",,,,
"Sutor, Nadine",,,0000-0003-0577-4470,
"Švitek, Mihael",,,,
"Tabti, Samira",,,,
"Tabti, Samira",,,,
"Tadge, Jennifer",,,,
"Tasovac, Toma",,,,
"Tech, Maike",,,,
"Teich, Elke",,,,
"Testori, Marinella",,,0000-0001-5466-3262,
"Teufel, Simone",,,,
"Theisen, Christian",,,,
"Theisen, Christian",,,,
"Thelen, Julius",,,,
"Therón, Roberto",,,,
"Thiele, Sebastian",,,,
"Thielert, Frauke",,,,
"Thiering, Martin",,,,
"Thiering, Martin",,,,
"Thiery, Florian",,,0000-0002-3246-3531,
"Thiery, Florian",,,,
"Thoden, Klaus",,,0000-0003-0434-3951,
"Thoden, Klaus",,,,
"Thoden, Klaus",,,,
"Thoden, Klaus",,,,
"Thoden, Klaus",,,,
"Thoden, Klaus",,,,
"Thomas, Christian",,,0000-0002-1761-0222,
"Thomas, Christian",,,,
"Thomas, Christian",,,,
"Thomas, Christian",,,,
"Thomas, Clement",,,,
"Thorsten, Vitt",,,,
"Thoß, Alexander",,,,
"Thran, Niklas",,,,
"Tiberius, Carole",,,,
"Tiefenbacher, Sara",,,,
"Tiepmar, Jochen",,,,
"Tietz, Tabea",,,,
"Tischlik, Joshua",,,,
"Tögel, Philipp",,,0000-0002-1791-0268,
"Tolksdorf, Julia",,,,
"Tolle, Karsten",,,,
"Tomasek, Stefan",,,,
"Tonne, Danah",,,0000-0001-6296-7282,
"Tonne, Danah",,,0000-0001-6296-7282,
"Tonne, Danah",,,,
"Tonne, Danah",,,,
"Tonne, Danah",,,,
"Tonne, Danah",,,,
"Tonne, Danah",,,,
"Töpfer, Marlene",,,,
"Topp, Sebastian",,,,
"Torsten, Roeder",,,0000-0001-7043-7820,
"Toscano, Roberta",,,,
"Toschka, Patrick",,,,
"Tóth-Czifra, Erzsébet",,,0000-0002-5350-067X,
"Toulouse, Catherine",,,,
"Towara, Nadine",,,,
"Towara, Nadine",,,,
"Towara, Nadine",,,,
"Trap-Jensen, Lars",,,,
"Tratter, Aaron Rudolf",,,,
"Trautmann, Marjam",,,,
"Trautmann, Marjam",,,,
"Trautmann, Tatjana",,,,
"Trevisan, Bianka",,,,
"Trilcke, Peer",,,0000-0002-1421-4320,
"Trilcke, Peer",,,0000-0002-1421-4320,
"Trilcke, Peer",,,0000-0002-1421-4320,
"Trilcke, Peer",,,0000-0002-1421-4320,
"Trilcke, Peer",,,0000-0002-1421-4320,
"Trilcke, Peer",,,0000-0002-1421-4320,
"Trilcke, Peer",,,0000-0002-1421-4320,
"Trilcke, Peer",,,0000-0002-1421-4320,
"Trilcke, Peer",,,0000-0002-1421-4320,
"Trilcke, Peer",,,,
"Trilcke, Peer",,,,
"Trilcke, Peer",,,,
"Trilcke, Peer",,,,
"Trilcke, Peer",,,,
"Trilcke, Peer",,,,
"Trilcke, Peer",,,,
"Trilcke, Peer",,,,
"Trilcke, Peer",,,,
"Trilcke, Peer",,,,
"Trippel, Thorsten",,,0000-0002-7211-7393,
"Trippel, Thorsten",,,,
"Trippel, Thorsten",,,,
"Troglauer, Patrick",,,0000-0002-7045-6877,
"Tropper, Eva",,,,
"Tscheu, Amelie",,,,
"Tschumpel, Gerold",,,,
"Tseng, Chiao-I",,,,
"Tseng, Chiao-I",,,,
"Tu, Ngoc Duyen Tanja",,,0000-0002-7586-0617,
"Tu, Ngoc Duyen Tanja",,,,
"Tu, Ngoc Duyen Tanja",,,,
"Tu, Ngoc Duyen Tanja",,,,
"Tu, Ngoc Duyen Tanja",,,,
"Tu, Ngoc Duyen Tanja",,,,
"Tu, Ngoc Duyen Tanja",,,,
"Tu, Ngoc Duyen Tanja",,,,
"Tumanov, Rostislav",,,,
"Tumfart, Barbara",,,,
"Türkoglu, Enes",,,,
"Türkoğlu, Enes",,,,
"Türkoğlu, Enes",,,,
"Türkoğlu, Enes",,,,
"Tuscher, Michaela",,,,
"Uhlmann, Gyburg",,,,
"Uhrig, Peter",,,,
"Ullrich, Anna Valentine",,,,
"Ullrich, Rebecca",,,,
"Ullrich, Sabine",,,,
"Ullrich, Sabine",,,,
"Ullrich, Sabine",,,,
"Ullrich, Sabine",,,,
"Ulrich, Mona",,,,
"Unold, Martin",,,,
"Untner, Laura",,,0000-0002-9649-0870,
"Urbaum, Dorothee",,,0009-0003-5711-6303,
"Uslu, Tolga",,,,
"Uslu, Tolga",,,,
"Utescher, Ronja",,,,
"Valleriani, Matteo",,,,
"van Beek, Thijs",,,,
"van Bree, Pim",,,,
"van Dyck-Hemming, Annette",,,,
"Vanscheidt, Philipp",,,,
"Varachkina, Hanna",,,0000-0002-5832-3983,
"Varachkina, Hanna",,,,
"Varachkina, Hanna",,,,
"Varadi, Tamas",,,,
"Vasold, Gunter",,,,
"Vasold, Gunter",,,,
"Vasold, Gunter",,,,
"Vasold, Gunter",,,,
"Vasold, Gunter",,,,
"Vasold, Gunter",,,,
"Vater, Christian",,,0000-0003-1367-8489,
"Vauth, Michael",,,0000-0002-3668-6273,
"Vauth, Michael",,,0000-0002-3668-6273,
"Vauth, Michael",,,0000-0002-3668-6273,
"Vauth, Michael",,,,
"Vauth, Michael",,,,
"Vauth, Michael",,,,
"Veentjer, Ubbo",,,0000-0002-9726-3135,
"Veentjer, Ubbo",,,,
"Veit, Joachim",,,,
"Velissaropoulos, Georgios",,,,
"Venglarova, Klara",,,0009-0007-6441-7795,
"Vera, Grund",,,,
"Verhoeven-van Elsbergen, Ursula",,,,
"Vertan, Cristina",,,,
"Vertan, Cristina",,,,
"Vertan, Cristina",,,,
"Vertan, Cristina",,,,
"Veseli, Blerta",,,,
"Vetter, Angila",,,0000-0001-7662-191X,
"Viehhauser, Gabriel",,,0000-0001-6372-0337,
"Viehhauser, Gabriel",,,0000-0001-6372-0337,
"Viehhauser, Gabriel",,,0000-0001-6372-0337,
"Viehhauser, Gabriel",,,,
"Viehhauser, Gabriel",,,,
"Viehhauser, Gabriel",,,,
"Viehhauser, Gabriel",,,,
"Viehhauser, Gabriel",,,,
"Viglianti, Raffaele",,,,
"Vignoli, Michela",,,0000-0002-9495-5697,
"Vitt, Thorsten",,,,
"Vitt, Thorsten",,,,
"Vitt, Thorsten",,,,
"Vitt, Thorsten",,,,
"Vock, Richard",,,,
"Vogel, Andreas",,,,
"Vogel, Andreas",,,,
"Vogel, Friedemann",,,,
"Vogel, Friedemann",,,,
"Vogeler, Georg",,,0000-0002-1726-1712,
"Vogeler, Georg",,,0000-0002-1726-1712,
"Vogeler, Georg",,,0000-0002-1726-1712,
"Vogeler, Georg",,,,
"Vogeler, Georg",,,,
"Vogeler, Georg",,,,
"Vogeler, Georg",,,,
"Vogeler, Georg",,,,
"Vogeler, Georg",,,,
"Vogeler, Georg",,,,
"Vogeler, Georg",,,,
"Vogeler, Georg",,,,
"Vogeltanz, Maximilian",,,,
"Voges, Ramon",,,,
"Vogt, Andreas",,,,
"Volk, Martin",,,,
"Volk, Martin",,,,
"Völker, Harald",,,,
"Volkmann, Armin",,,,
"Volkmann, Armin",,,,
"Vollmer, Ricarda",,,,
"Volodina, Anna",,,,
"von Berenberg-Gossler, Luise",,,,
"von dem Bussche, Ruth",,,0000-0002-3360-0104,
"von Ehrlich, Isabel",,,,
"von Hahn, Walther",,,,
"von Hindenburg, Barbara",,,,
"von Keitz, Janis",,,,
"von Lupin, Martin",,,,
"von Pippich, Waltraud",,,,
"von Vlahovits, Frederic",,,,
"von Wartburg, Karin",,,,
"von Zimmermann, Christian",,,,
"Voss, Fabian",,,,
"Voß, Franziska",,,,
"Vu, Binh",,,,
"Vukovic, Teodora",,,,
"Wachter, Christian",,,0000-0003-2937-0868,
"Wachter, Christian",,,0000-0003-2937-0868,
"Wachter, Christian",,,,
"Wagner-Nagy, Beata",,,,
"Wagner, Andreas",,,,
"Wagner, Andreas",,,,
"Wagner, Andreas",,,,
"Wagner, Andreas",,,,
"Wagner, Benno",,,,
"Wagner, Christian",,,,
"Wagner, Elisabeth",,,,
"Wagner, Elisabeth",,,,
"Wagner, Sarah",,,0000-0002-1352-129X,
"Wagner, Sarah",,,,
"Wagner, Sarah",,,,
"Wagner, Sarah",,,,
"Wagner, Sarah",,,,
"Wagner, Sarah",,,,
"Wagner, Sarah",,,,
"Wagner, Wiltrud",,,,
"Wagner, Wiltrud",,,,
"Wahl, Dominik",,,,
"Walkowski, Niels-Oliver",,,0000-0003-3043-3010,
"Walkowski, Niels-Oliver",,,,
"Walkowski, Niels-Oliver",,,,
"Walkowski, Niels-Oliver",,,,
"Walkowski, Niels-Oliver",,,,
"Walkowski, Niels-Oliver",,,,
"Walkowski, Nils-Oliver",,,,
"Wallner, Franziska",,,,
"Wallner, Franziska",,,,
"Wallner, Franziska",,,,
"Walsh, David",,,0000-0003-2972-8233,
"Walter, Scholger",,,,
"Waltl, Gilbert",,,,
"Waltl, Silvia",,,,
"Wandl-Vogt, Eveline",,,,
"Wandl-Vogt, Eveline",,,,
"Wandl-Vogt, Eveline",,,,
"Wandl-Vogt, Eveline",,,,
"Wandl-Vogt, Eveline",,,,
"Wannenwetsch, Oliver",,,,
"Wassermayr, Veronica",,,0009-0001-9638-2677,
"Wegener, Marius",,,0009-0007-6782-1865,
"Wehner, Maximilian",,,0000-0003-1817-6955,
"Wehner, Maximilian",,,0000-0003-1817-6955,
"Wehner, Maximilian",,,,
"Wehrheim, Lino",,,0000-0001-9269-8116,
"Wehrheim, Lino",,,,
"Wehrheim, Lino",,,,
"Weiberg, Birk",,,,
"Weichselbaumer, Nikolaus",,,,
"Weichselbaumer, Nikolaus",,,,
"Weichselbaumer, Nikolaus",,,,
"Weidemann, Max",,,,
"Weidling, Michelle",,,,
"Weigelt, Lucie",,,,
"Weigert, Kathrin",,,,
"Weigl, David M.",,,0000-0003-1502-1528,
"Weimer, Lukas",,,0000-0001-6919-3646,
"Weimer, Lukas",,,0000-0001-6919-3646,
"Weimer, Lukas",,,0000-0001-6919-3646,
"Weimer, Lukas",,,0000-0001-6919-3646,
"Weimer, Lukas",,,0000-0001-6919-3646,
"Weimer, Lukas",,,0000-0001-6919-3646,
"Weimer, Lukas",,,0000-0001-6919-3646,
"Weimer, Lukas",,,,
"Weimer, Lukas",,,,
"Weimer, Lukas",,,,
"Weimer, Lukas",,,,
"Weimer, Lukas",,,,
"Weimer, Lukas",,,,
"Weimer, Lukas",,,,
"Weis, Joëlle",,,0000-0002-0080-4362,
"Weis, Joëlle",,,0000-0002-0080-4362,
"Weis, Joëlle",,,0000-0002-0080-4362,
"Weiß, Andreas",,,,
"Weiss, Romedius",,,,
"Weitin, Thomas",,,0000-0002-9003-5746,
"Werneke, Thomas",,,,
"Werner, Stephanie",,,0000-0002-7588-4395,
"Wernhard, Christoph",,,,
"Werthmann, Antonina",,,,
"Werwick, Heiko",,,,
"Wesche, Jörg",,,,
"Wessels, Bridgette",,,,
"Wettlaufer, Jörg",,,0000-0003-1957-8059,
"Wettlaufer, Jörg",,,0000-0003-1957-8059,
"Wettlaufer, Jörg",,,0000-0003-1957-8059,
"Wettlaufer, Jörg",,,,
"Wettlaufer, Jörg",,,,
"Wettlaufer, Jörg",,,,
"Wettlaufer, Jörg",,,,
"Wettlaufer, Jörg",,,,
"Wettlaufer, Jörg",,,,
"Weyand, Sandra",,,,
"Wichers Schreur, Jesse",,,,
"Wick, Christoph",,,,
"Wick, Christoph",,,,
"Wick, Christoph",,,,
"Widmer, Jonas",,,,
"Wiedemann, Gregor",,,,
"Wiedemann, Gregor",,,,
"Wiedmer, Nathalie",,,,
"Wiegand, Martin",,,0000-0003-2151-5823,
"Wiehe, Thomas",,,,
"Wieloch, Jasmin",,,,
"Wieneke, Lars",,,0000-0001-6248-8644,
"Wieneke, Lars",,,,
"Wieners, Jan",,,,
"Wieners, Jan G.",,,,
"Wieners, Jan Gerrit",,,,
"Wieners, Jan Gerrit",,,,
"Wiermann, Barbara",,,,
"Wierzoch, Jan",,,,
"Wierzoch, Jan",,,,
"Wierzock, Alexander",,,,
"Wigg-Wolf, David",,,,
"Wildgans, Julia",,,,
"Wildgans, Julia",,,,
"Wilk, Nicole M.",,,,
"Will, Larissa",,,0009-0004-6220-8939,
"Willand, Marcus",,,,
"Willand, Marcus",,,,
"Willand, Marcus",,,,
"Willand, Marcus",,,,
"Willand, Marcus",,,,
"Willand, Marcus",,,,
"Willenborg, Josef",,,,
"Wilm, Rebecca",,,0000-0002-7273-7832,
"Windhager, Florian",,,0000-0002-5170-2243,
"Windhager, Florian",,,0000-0002-5170-2243,
"Windhager, Florian",,,0000-0002-5170-2243,
"Windhager, Florian",,,0000-0002-5170-2243,
"Windhager, Florian",,,0000-0002-5170-2243,
"Windhager, Florian",,,,
"Windhager, Florian",,,,
"Windhager, Florian",,,,
"Windhager, Florian",,,,
"Windhager, Florian",,,,
"Windl, Maximiliane",,,,
"Winkler, Susanne",,,,
"Winko, Simone",,,0000-0002-1006-7925,
"Winko, Simone",,,,
"Winko, Simone",,,,
"Wintergrün, Dirk",,,,
"Wintergrün, Dirk",,,,
"Wintergrün, Dirk",,,,
"Wintjes, Jorit",,,,
"Wirth, Christian",,,,
"Wirtz Eybl, Irmgard",,,,
"Wissenbach, Moritz",,,,
"Wissik, Tanja",,,,
"Wissik, Tanja",,,,
"Wissik, Tanja",,,,
"Wissik, Tanja",,,,
"Witt, Andreas",,,0000-0002-0299-5713,
"Witt, Andreas",,,0000-0002-0299-5713,
"Witt, Andreas",,,0000-0002-0299-5713,
"Witt, Andreas",,,,
"Witt, Andreas",,,,
"Witt, Andreas",,,,
"Witt, Andreas",,,,
"Witt, Andreas",,,,
"Witt, Andreas",,,,
"Wittenbecher, Maxim",,,,
"Wöckener-Gade, Eva",,,,
"Wöckener-Gade, Eva",,,,
"Wöckener-Gade, Eva",,,,
"Wodausch, David",,,,
"Wolf, Beat",,,,
"Wolf, Jana",,,,
"Wolf, Katrin",,,,
"Wolfer, Sascha",,,,
"Wolff, Christian",,,0000-0001-7278-8595,
"Wolff, Christian",,,,
"Wolff, Christian",,,,
"Wolff, Christian",,,,
"Wolff, Christian",,,,
"Wolff, Christian",,,,
"Wolff, Christian",,,,
"Wolff, Christian",,,,
"Wolff, Christian",,,,
"Wolff, Christian",,,,
"Wollny, Peter",,,,
"Wörner, Kai",,,,
"Wörner, Kai",,,,
"Wottawa, Jane",,,,
"Wu, Yaru",,,,
"Wübbena, Thorsten",,,0000-0001-8172-6097,
"Wübbena, Thorsten",,,,
"Wübbena, Thorsten",,,,
"Wübbena, Thorsten",,,,
"Wübbena, Thorsten",,,,
"Wübbena, Thorsten",,,,
"Wübbena, Thorsten",,,,
"Wübbena, Thorsten",,,,
"Wübbena, Thorsten",,,,
"Wunsch, Kevin",,,0000-0003-1491-747X,
"Wünsch, Lukas",,,,
"Würzner, Kay-Michael",,,,
"Würzner, Kay-Michael",,,,
"Würzner, Kay-Michael",,,,
"Wüthrich, Adrian",,,,
"Wuttke, Ulrike",,,0000-0002-8217-4025,
"Wuttke, Ulrike",,,0000-0002-8217-4025,
"Wuttke, Ulrike",,,0000-0002-8217-4025,
"Wuttke, Ulrike",,,0000-0002-8217-4025,
"Wuttke, Ulrike",,,0000-0002-8217-4025,
"Wuttke, Ulrike",,,0000-0002-8217-4025,
"Wuttke, Ulrike",,,,
"Wuttke, Ulrike",,,,
"Wuttke, Ulrike",,,,
"Wuttke, Ulrike",,,,
"Wuttke, Ulrike",,,,
"Wuttke, Ulrike",,,,
"Wuttke, Ulrike",,,,
"Wyss, Eva L.",,,0000-0002-9270-2522,
"Yaddehige, Rameela",,,0009-0008-3216-5797,
"Yakupova, Vera",,,0009-0002-2752-4966,
"Yannik, Herbst",,,0000-0002-6547-9599,
"Yilmaz, Yasir",,,0000-0001-5387-3532,
"Yousef, Tariq",,,,
"Yu, Xiaozhou",,,,
"Yu, Xiaozhou",,,,
"Zaagsma, Gerben",,,,
"Zarei, Alireza",,,0000-0003-1110-4131,
"Zarriess, Sina",,,,
"Zarrieß, Sina",,,,
"Zaytseva, Ksenia",,,,
"Zeckey, Alexander",,,,
"Zedlitz, Jesper",,,0000-0003-2664-5010,
"Zehe, Albin",,,,
"Zehe, Albin",,,,
"Zehe, Albin",,,,
"Zeini, Arash",,,,
"Zellhoefer, David",,,,
"Zeppelzauer, Matthias",,,,
"Zeppezauer-Wachauer, Katharina",,,,
"Zeyen, Christian",,,,
"Zhekova, Desislava",,,,
"Zhekova, Desislava",,,,
"Zichert, Michael",,,,
"Ziehe, Stefan",,,,
"Ziehe, Stefan",,,,
"Ziehe, Stefan",,,,
"Zielke, Dennis",,,,
"Zielke, Dennis",,,,
"Zihlmann, Patricia",,,,
"Zimmer, Sebastian",,,,
"Zimmer, Sebastian",,,,
"Zimmer, Sebastian",,,,
"Zimmermann, Heiko",,,,
"Zimmermann, Ronny",,,,
"Zinck, Josefine",,,0000-0002-7511-098X,
"Zinnen, Mathias",,,,
"Zinsmeister, Heike",,,,
"Zinsmeister, Heike",,,,
"Zinsmeister, Heike",,,,
"Zirker, Angelika",,,0000-0001-6819-3871,
"Zirker, Angelika",,,,
"Zirker, Angelika",,,,
"Zirker, Angelika",,,,
"Zirker, Angelika",,,,
"Zittel, Claus",,,,
"Zumsteg, Simon",,,,
"zur Nieden, Gesa",,,,
"Zweig, Katharina Anna",,,,
